"../../../Engine/Plugins/2D/Paper2D/Content/PlaceholderTextures/DummySpriteTexture.ubulk" 0
"../../../Engine/Plugins/2D/Paper2D/Content/PlaceholderTextures/DummySpriteTexture.uasset" 1
"../../../Engine/Plugins/2D/Paper2D/Content/PlaceholderTextures/DummySpriteTexture.uexp" 2
"../../../Engine/Plugins/2D/Paper2D/Content/DummySprite.uasset" 3
"../../../Engine/Plugins/2D/Paper2D/Content/DummySprite.uexp" 4
"../../../Engine/Plugins/2D/Paper2D/Content/DefaultPaperTerrainMaterial.uasset" 5
"../../../Engine/Plugins/2D/Paper2D/Content/DefaultPaperTerrainMaterial.uexp" 6
"../../../Engine/Plugins/Animation/ACLPlugin/Content/ACLAnimBoneCompressionSettings.uasset" 7
"../../../Engine/Plugins/Animation/ACLPlugin/Content/ACLAnimBoneCompressionSettings.uexp" 8
"../../../Engine/Content/EngineFonts/Faces/DroidSansFallback.uexp" 9
"../../../Engine/Content/EngineFonts/Faces/DroidSansFallback.uasset" 10
"../../../Engine/Content/EngineFonts/Faces/DroidSansFallback.ufont" 11
"../../../Engine/Content/EngineFonts/Faces/RobotoBold.uexp" 12
"../../../Engine/Content/EngineFonts/Faces/RobotoBold.uasset" 13
"../../../Engine/Content/EngineFonts/Faces/RobotoBold.ufont" 14
"../../../Engine/Content/EngineFonts/Faces/RobotoBoldItalic.uexp" 15
"../../../Engine/Content/EngineFonts/Faces/RobotoBoldItalic.uasset" 16
"../../../Engine/Content/EngineFonts/Faces/RobotoBoldItalic.ufont" 17
"../../../Engine/Content/EngineFonts/Faces/RobotoItalic.uexp" 18
"../../../Engine/Content/EngineFonts/Faces/RobotoItalic.uasset" 19
"../../../Engine/Content/EngineFonts/Faces/RobotoItalic.ufont" 20
"../../../Engine/Content/EngineFonts/Faces/RobotoLight.uexp" 21
"../../../Engine/Content/EngineFonts/Faces/RobotoLight.uasset" 22
"../../../Engine/Content/EngineFonts/Faces/RobotoLight.ufont" 23
"../../../Engine/Content/EngineFonts/Faces/RobotoRegular.uexp" 24
"../../../Engine/Content/EngineFonts/Faces/RobotoRegular.uasset" 25
"../../../Engine/Content/EngineFonts/Faces/RobotoRegular.ufont" 26
"../../../Engine/Content/EngineFonts/Roboto.uasset" 27
"../../../Engine/Content/EngineFonts/Roboto.uexp" 28
"../../../Engine/Content/EngineMaterials/DefaultDestructiblePhysicalMaterial.uasset" 29
"../../../Engine/Content/EngineMaterials/DefaultDestructiblePhysicalMaterial.uexp" 30
"../../../Engine/Content/EngineMaterials/DefaultPhysicalMaterial.uasset" 31
"../../../Engine/Content/EngineMaterials/DefaultPhysicalMaterial.uexp" 32
"../../../Engine/Content/EngineSounds/Master.uasset" 33
"../../../Engine/Content/EngineSounds/Master.uexp" 34
"../../../Engine/Plugins/Interchange/Runtime/Content/Pipelines/DefaultAssetsPipeline.uasset" 35
"../../../Engine/Plugins/Interchange/Runtime/Content/Pipelines/DefaultAssetsPipeline.uexp" 36
"../../../Engine/Plugins/Interchange/Runtime/Content/Pipelines/DefaultAudioPipeline.uasset" 37
"../../../Engine/Plugins/Interchange/Runtime/Content/Pipelines/DefaultAudioPipeline.uexp" 38
"../../../Engine/Plugins/Interchange/Runtime/Content/Pipelines/DefaultGLTFAssetsPipeline.uasset" 39
"../../../Engine/Plugins/Interchange/Runtime/Content/Pipelines/DefaultGLTFAssetsPipeline.uexp" 40
"../../../Engine/Plugins/Interchange/Runtime/Content/Pipelines/DefaultGLTFPipeline.uasset" 41
"../../../Engine/Plugins/Interchange/Runtime/Content/Pipelines/DefaultGLTFPipeline.uexp" 42
"../../../Engine/Plugins/Interchange/Runtime/Content/Pipelines/DefaultGLTFSceneAssetsPipeline.uasset" 43
"../../../Engine/Plugins/Interchange/Runtime/Content/Pipelines/DefaultGLTFSceneAssetsPipeline.uexp" 44
"../../../Engine/Plugins/Interchange/Runtime/Content/Pipelines/DefaultMaterialPipeline.uasset" 45
"../../../Engine/Plugins/Interchange/Runtime/Content/Pipelines/DefaultMaterialPipeline.uexp" 46
"../../../Engine/Plugins/Interchange/Runtime/Content/Pipelines/DefaultMaterialXPipeline.uasset" 47
"../../../Engine/Plugins/Interchange/Runtime/Content/Pipelines/DefaultMaterialXPipeline.uexp" 48
"../../../Engine/Plugins/Interchange/Runtime/Content/Pipelines/DefaultSceneAssetsPipeline.uasset" 49
"../../../Engine/Plugins/Interchange/Runtime/Content/Pipelines/DefaultSceneAssetsPipeline.uexp" 50
"../../../Engine/Plugins/Interchange/Runtime/Content/Pipelines/DefaultSceneLevelPipeline.uasset" 51
"../../../Engine/Plugins/Interchange/Runtime/Content/Pipelines/DefaultSceneLevelPipeline.uexp" 52
"../../../Engine/Plugins/Interchange/Runtime/Content/Pipelines/DefaultTexturePipeline.uasset" 53
"../../../Engine/Plugins/Interchange/Runtime/Content/Pipelines/DefaultTexturePipeline.uexp" 54
"../../../Engine/Content/EditorLandscapeResources/DefaultAlphaTexture.uasset" 55
"../../../Engine/Content/EditorLandscapeResources/DefaultAlphaTexture.uexp" 56
"../../../Engine/Content/EditorLandscapeResources/ColorMaskBrushMaterial.uasset" 57
"../../../Engine/Content/EditorLandscapeResources/ColorMaskBrushMaterial.uexp" 58
"../../../Engine/Content/EditorLandscapeResources/ColorMaskBrushMaterial_MaskedRegion.uasset" 59
"../../../Engine/Content/EditorLandscapeResources/ColorMaskBrushMaterial_MaskedRegion.uexp" 60
"../../../Engine/Content/EditorLandscapeResources/LandscapeDirtyMaterial.uasset" 61
"../../../Engine/Content/EditorLandscapeResources/LandscapeDirtyMaterial.uexp" 62
"../../../Engine/Content/EngineMaterials/MiniFont.uasset" 63
"../../../Engine/Content/EngineMaterials/MiniFont.uexp" 64
"../../../Engine/Content/EngineMaterials/DefaultDiffuse.ubulk" 65
"../../../Engine/Content/EngineMaterials/DefaultDiffuse.uasset" 66
"../../../Engine/Content/EngineMaterials/DefaultDiffuse.uexp" 67
"../../../Engine/Content/Functions/Engine_MaterialFunctions01/Texturing/TextureCropping.uasset" 68
"../../../Engine/Content/Functions/Engine_MaterialFunctions01/Texturing/TextureCropping.uexp" 69
"../../../Engine/Content/Functions/Engine_MaterialFunctions02/ExampleContent/DebugNumberStrip.uasset" 70
"../../../Engine/Content/Functions/Engine_MaterialFunctions02/ExampleContent/DebugNumberStrip.uexp" 71
"../../../Engine/Content/Functions/Engine_MaterialFunctions01/Debug/DebugIntValues.uasset" 72
"../../../Engine/Content/Functions/Engine_MaterialFunctions01/Debug/DebugIntValues.uexp" 73
"../../../Engine/Content/Functions/Engine_MaterialFunctions02/Utility/BreakOutFloat2Components.uasset" 74
"../../../Engine/Content/Functions/Engine_MaterialFunctions02/Utility/BreakOutFloat2Components.uexp" 75
"../../../Engine/Content/Functions/Engine_MaterialFunctions01/Texturing/ScaleUVsByCenter.uasset" 76
"../../../Engine/Content/Functions/Engine_MaterialFunctions01/Texturing/ScaleUVsByCenter.uexp" 77
"../../../Engine/Content/Functions/Engine_MaterialFunctions02/WorldPositionOffset/LocalPosition.uasset" 78
"../../../Engine/Content/Functions/Engine_MaterialFunctions02/WorldPositionOffset/LocalPosition.uexp" 79
"../../../Engine/Content/EditorLandscapeResources/LandscapeLayerUsageMaterial.uasset" 80
"../../../Engine/Content/EditorLandscapeResources/LandscapeLayerUsageMaterial.uexp" 81
"../../../Engine/Content/EngineMaterials/InvalidLightmapSettings.ubulk" 82
"../../../Engine/Content/EngineMaterials/InvalidLightmapSettings.uasset" 83
"../../../Engine/Content/EngineMaterials/InvalidLightmapSettings.uexp" 84
"../../../Engine/Content/EngineMaterials/M_InvalidLightmapSettings.uasset" 85
"../../../Engine/Content/EngineMaterials/M_InvalidLightmapSettings.uexp" 86
"../../../Engine/Content/EngineMaterials/NaniteHiddenSectionMaterial.uasset" 87
"../../../Engine/Content/EngineMaterials/NaniteHiddenSectionMaterial.uexp" 88
"../../../Engine/Content/EditorResources/S_Solver.ubulk" 89
"../../../Engine/Content/EditorResources/S_Solver.uasset" 90
"../../../Engine/Content/EditorResources/S_Solver.uexp" 91
"../../../Engine/Content/EditorLandscapeResources/WhiteSquareTexture.uasset" 92
"../../../Engine/Content/EditorLandscapeResources/WhiteSquareTexture.uexp" 93
"../../../Engine/Content/EditorLandscapeResources/LayerVisMaterial.uasset" 94
"../../../Engine/Content/EditorLandscapeResources/LayerVisMaterial.uexp" 95
"../../../Engine/Content/EditorResources/S_Terrain.ubulk" 96
"../../../Engine/Content/EditorResources/S_Terrain.uasset" 97
"../../../Engine/Content/EditorResources/S_Terrain.uexp" 98
"../../../Engine/Content/Functions/Engine_MaterialFunctions02/WorldPositionOffset/CameraOffset.uasset" 99
"../../../Engine/Content/Functions/Engine_MaterialFunctions02/WorldPositionOffset/CameraOffset.uexp" 100
"../../../Engine/Content/EngineMaterials/PhAT_JointLimitMaterial.uasset" 101
"../../../Engine/Content/EngineMaterials/PhAT_JointLimitMaterial.uexp" 102
"../../../Engine/Content/Functions/Engine_MaterialFunctions02/Utility/MakeFloat3.uasset" 103
"../../../Engine/Content/Functions/Engine_MaterialFunctions02/Utility/MakeFloat3.uexp" 104
"../../../Engine/Content/Functions/Engine_MaterialFunctions03/Math/WithinRangeFloat2.uasset" 105
"../../../Engine/Content/Functions/Engine_MaterialFunctions03/Math/WithinRangeFloat2.uexp" 106
"../../../Engine/Content/EditorLandscapeResources/MaskBrushMaterial.uasset" 107
"../../../Engine/Content/EditorLandscapeResources/MaskBrushMaterial.uexp" 108
"../../../Engine/Content/EditorLandscapeResources/MaskBrushMaterial_MaskedRegion.uasset" 109
"../../../Engine/Content/EditorLandscapeResources/MaskBrushMaterial_MaskedRegion.uexp" 110
"../../../Engine/Content/EditorResources/S_Trigger.ubulk" 111
"../../../Engine/Content/EditorResources/S_Trigger.uasset" 112
"../../../Engine/Content/EditorResources/S_Trigger.uexp" 113
"../../../Engine/Content/EngineMaterials/DefaultCalibrationColor.uasset" 114
"../../../Engine/Content/EngineMaterials/DefaultCalibrationColor.uexp" 115
"../../../Engine/Content/EngineMaterials/PPM_DefaultCalibrationColor.uasset" 116
"../../../Engine/Content/EngineMaterials/PPM_DefaultCalibrationColor.uexp" 117
"../../../Engine/Content/EditorResources/S_TriggerBox.uasset" 118
"../../../Engine/Content/EditorResources/S_TriggerBox.uexp" 119
"../../../Engine/Content/EngineMaterials/DefaultCalibrationGrayscale.uasset" 120
"../../../Engine/Content/EngineMaterials/DefaultCalibrationGrayscale.uexp" 121
"../../../Engine/Content/EngineMaterials/PPM_DefaultCalibrationGrayscale.uasset" 122
"../../../Engine/Content/EngineMaterials/PPM_DefaultCalibrationGrayscale.uexp" 123
"../../../Engine/Content/EditorResources/S_TriggerCapsule.uasset" 124
"../../../Engine/Content/EditorResources/S_TriggerCapsule.uexp" 125
"../../../Engine/Content/EditorLandscapeResources/SelectBrushMaterial.uasset" 126
"../../../Engine/Content/EditorLandscapeResources/SelectBrushMaterial.uexp" 127
"../../../Engine/Content/EditorLandscapeResources/SelectBrushMaterial_Selected.uasset" 128
"../../../Engine/Content/EditorLandscapeResources/SelectBrushMaterial_Selected.uexp" 129
"../../../Engine/Content/EditorLandscapeResources/SelectBrushMaterial_SelectedRegion.uasset" 130
"../../../Engine/Content/EditorLandscapeResources/SelectBrushMaterial_SelectedRegion.uexp" 131
"../../../Engine/Content/EditorResources/S_TriggerSphere.uasset" 132
"../../../Engine/Content/EditorResources/S_TriggerSphere.uexp" 133
"../../../Engine/Content/EditorLandscapeResources/SplineEditorMeshMat.uasset" 134
"../../../Engine/Content/EditorLandscapeResources/SplineEditorMeshMat.uexp" 135
"../../../Engine/Content/EditorLandscapeResources/SplineEditorMesh.ubulk" 136
"../../../Engine/Content/EditorLandscapeResources/SplineEditorMesh.uasset" 137
"../../../Engine/Content/EditorLandscapeResources/SplineEditorMesh.uexp" 138
"../../../Engine/Content/EngineMaterials/PreintegratedSkinBRDF.uasset" 139
"../../../Engine/Content/EngineMaterials/PreintegratedSkinBRDF.uexp" 140
"../../../Engine/Content/EngineMaterials/RemoveSurfaceMaterial.uasset" 141
"../../../Engine/Content/EngineMaterials/RemoveSurfaceMaterial.uexp" 142
"../../../Engine/Content/EngineMaterials/SMAAAreaTex.uasset" 143
"../../../Engine/Content/EngineMaterials/SMAAAreaTex.uexp" 144
"../../../Engine/Content/EngineMaterials/SMAASearchTex.uasset" 145
"../../../Engine/Content/EngineMaterials/SMAASearchTex.uexp" 146
"../../../Engine/Content/Functions/Engine_MaterialFunctions02/SplitComponents.uasset" 147
"../../../Engine/Content/Functions/Engine_MaterialFunctions02/SplitComponents.uexp" 148
"../../../Engine/Content/Functions/Engine_MaterialFunctions02/Utility/BreakOutFloat3Components.uasset" 149
"../../../Engine/Content/Functions/Engine_MaterialFunctions02/Utility/BreakOutFloat3Components.uexp" 150
"../../../Engine/Content/Functions/Engine_MaterialFunctions02/Math/Transform3x3Matrix.uasset" 151
"../../../Engine/Content/Functions/Engine_MaterialFunctions02/Math/Transform3x3Matrix.uexp" 152
"../../../Engine/Content/VREditor/SnapGrid/SnapGridMaterial.uasset" 153
"../../../Engine/Content/VREditor/SnapGrid/SnapGridMaterial.uexp" 154
"../../../Engine/Content/VREditor/SnapGrid/SnapGridPlaneMesh.ubulk" 155
"../../../Engine/Content/VREditor/SnapGrid/SnapGridPlaneMesh.uasset" 156
"../../../Engine/Content/VREditor/SnapGrid/SnapGridPlaneMesh.uexp" 157
"../../../Engine/Content/VREditor/LaserPointer/VR_LaserPower_01.ubulk" 158
"../../../Engine/Content/VREditor/LaserPointer/VR_LaserPower_01.uasset" 159
"../../../Engine/Content/VREditor/LaserPointer/VR_LaserPower_01.uexp" 160
"../../../Engine/Content/VREditor/TransformGizmo/TransformGizmoMaterial.uasset" 161
"../../../Engine/Content/VREditor/TransformGizmo/TransformGizmoMaterial.uexp" 162
"../../../Engine/Content/VREditor/TransformGizmo/TranslucentTransformGizmoMaterial.uasset" 163
"../../../Engine/Content/VREditor/TransformGizmo/TranslucentTransformGizmoMaterial.uexp" 164
"../../../Engine/Content/VREditor/TransformGizmo/PlaneTranslationHandle.ubulk" 165
"../../../Engine/Content/VREditor/TransformGizmo/PlaneTranslationHandle.uasset" 166
"../../../Engine/Content/VREditor/TransformGizmo/PlaneTranslationHandle.uexp" 167
"../../../Engine/Content/VREditor/TransformGizmo/RotationHandleFull.ubulk" 168
"../../../Engine/Content/VREditor/TransformGizmo/RotationHandleFull.uasset" 169
"../../../Engine/Content/VREditor/TransformGizmo/RotationHandleFull.uexp" 170
"../../../Engine/Content/VREditor/TransformGizmo/RotationHandleIndicator.ubulk" 171
"../../../Engine/Content/VREditor/TransformGizmo/RotationHandleIndicator.uasset" 172
"../../../Engine/Content/VREditor/TransformGizmo/RotationHandleIndicator.uexp" 173
"../../../Engine/Content/VREditor/TransformGizmo/RotationHandleQuarter.ubulk" 174
"../../../Engine/Content/VREditor/TransformGizmo/RotationHandleQuarter.uasset" 175
"../../../Engine/Content/VREditor/TransformGizmo/RotationHandleQuarter.uexp" 176
"../../../Engine/Content/VREditor/TransformGizmo/StartRotationHandleIndicator.ubulk" 177
"../../../Engine/Content/VREditor/TransformGizmo/StartRotationHandleIndicator.uasset" 178
"../../../Engine/Content/VREditor/TransformGizmo/StartRotationHandleIndicator.uexp" 179
"../../../Engine/Content/VREditor/TransformGizmo/TranslucentTransformGizmoMaterial_Inst.uasset" 180
"../../../Engine/Content/VREditor/TransformGizmo/TranslucentTransformGizmoMaterial_Inst.uexp" 181
"../../../Engine/Content/VREditor/TransformGizmo/TransformGizmoFreeRotation.ubulk" 182
"../../../Engine/Content/VREditor/TransformGizmo/TransformGizmoFreeRotation.uasset" 183
"../../../Engine/Content/VREditor/TransformGizmo/TransformGizmoFreeRotation.uexp" 184
"../../../Engine/Content/VREditor/TransformGizmo/TransformGizmoMaterial_Inst.uasset" 185
"../../../Engine/Content/VREditor/TransformGizmo/TransformGizmoMaterial_Inst.uexp" 186
"../../../Engine/Content/VREditor/TransformGizmo/TranslateArrowHandle.ubulk" 187
"../../../Engine/Content/VREditor/TransformGizmo/TranslateArrowHandle.uasset" 188
"../../../Engine/Content/VREditor/TransformGizmo/TranslateArrowHandle.uexp" 189
"../../../Engine/Content/VREditor/TransformGizmo/UniformScaleHandle.ubulk" 190
"../../../Engine/Content/VREditor/TransformGizmo/UniformScaleHandle.uasset" 191
"../../../Engine/Content/VREditor/TransformGizmo/UniformScaleHandle.uexp" 192
"../../../Engine/Content/VREditor/Sounds/UI/Drop_Item_From_ContentBrowser.ubulk" 193
"../../../Engine/Content/VREditor/Sounds/UI/Drop_Item_From_ContentBrowser.uasset" 194
"../../../Engine/Content/VREditor/Sounds/UI/Drop_Item_From_ContentBrowser.uexp" 195
"../../../Engine/Content/VREditor/Sounds/UI/Gizmo_Handle_Clicked.ubulk" 196
"../../../Engine/Content/VREditor/Sounds/UI/Gizmo_Handle_Clicked.uasset" 197
"../../../Engine/Content/VREditor/Sounds/UI/Gizmo_Handle_Clicked.uexp" 198
"../../../Engine/Content/VREditor/Sounds/UI/Object_PickUp.ubulk" 199
"../../../Engine/Content/VREditor/Sounds/UI/Object_PickUp.uasset" 200
"../../../Engine/Content/VREditor/Sounds/UI/Object_PickUp.uexp" 201
"../../../Engine/Content/VREditor/Sounds/UI/Object_Snaps_To_Another_Actor.ubulk" 202
"../../../Engine/Content/VREditor/Sounds/UI/Object_Snaps_To_Another_Actor.uasset" 203
"../../../Engine/Content/VREditor/Sounds/UI/Object_Snaps_To_Another_Actor.uexp" 204
"../../../Engine/Content/VREditor/Sounds/UI/Object_Snaps_To_Grid.ubulk" 205
"../../../Engine/Content/VREditor/Sounds/UI/Object_Snaps_To_Grid.uasset" 206
"../../../Engine/Content/VREditor/Sounds/UI/Object_Snaps_To_Grid.uexp" 207
"../../../Engine/Content/VREditor/Sounds/UI/Scaling_Down.ubulk" 208
"../../../Engine/Content/VREditor/Sounds/UI/Scaling_Down.uasset" 209
"../../../Engine/Content/VREditor/Sounds/UI/Scaling_Down.uexp" 210
"../../../Engine/Content/VREditor/Sounds/UI/Scaling_Up.ubulk" 211
"../../../Engine/Content/VREditor/Sounds/UI/Scaling_Up.uasset" 212
"../../../Engine/Content/VREditor/Sounds/UI/Scaling_Up.uexp" 213
"../../../Engine/Content/VREditor/Sounds/UI/Selection_Changes.ubulk" 214
"../../../Engine/Content/VREditor/Sounds/UI/Selection_Changes.uasset" 215
"../../../Engine/Content/VREditor/Sounds/UI/Selection_Changes.uexp" 216
"../../../Engine/Content/EngineDamageTypes/DmgTypeBP_Environmental.uasset" 217
"../../../Engine/Content/EngineDamageTypes/DmgTypeBP_Environmental.uexp" 218
"../../../Engine/Plugins/Animation/ControlRig/Content/Controls/ControlRigGizmoMaterial.uasset" 219
"../../../Engine/Plugins/Animation/ControlRig/Content/Controls/ControlRigGizmoMaterial.uexp" 220
"../../../Engine/Plugins/Animation/ControlRig/Content/Controls/ControlRigXRayMaterial.uasset" 221
"../../../Engine/Plugins/Animation/ControlRig/Content/Controls/ControlRigXRayMaterial.uexp" 222
"../../../Engine/Content/EngineMaterials/T_Default_Material_Grid_M.ubulk" 223
"../../../Engine/Content/EngineMaterials/T_Default_Material_Grid_M.uasset" 224
"../../../Engine/Content/EngineMaterials/T_Default_Material_Grid_M.uexp" 225
"../../../Engine/Content/EngineMaterials/T_Default_Material_Grid_N.ubulk" 226
"../../../Engine/Content/EngineMaterials/T_Default_Material_Grid_N.uasset" 227
"../../../Engine/Content/EngineMaterials/T_Default_Material_Grid_N.uexp" 228
"../../../Engine/Content/Functions/Engine_MaterialFunctions01/Opacity/CameraDepthFade.uasset" 229
"../../../Engine/Content/Functions/Engine_MaterialFunctions01/Opacity/CameraDepthFade.uexp" 230
"../../../Engine/Content/EngineMaterials/WorldGridMaterial.uasset" 231
"../../../Engine/Content/EngineMaterials/WorldGridMaterial.uexp" 232
"../../../Engine/Plugins/Animation/ControlRig/Content/Controls/ControlRig_Arrow2_1mm.ubulk" 233
"../../../Engine/Plugins/Animation/ControlRig/Content/Controls/ControlRig_Arrow2_1mm.uasset" 234
"../../../Engine/Plugins/Animation/ControlRig/Content/Controls/ControlRig_Arrow2_1mm.uexp" 235
"../../../Engine/Plugins/Animation/ControlRig/Content/Controls/ControlRig_Arrow2_3mm.ubulk" 236
"../../../Engine/Plugins/Animation/ControlRig/Content/Controls/ControlRig_Arrow2_3mm.uasset" 237
"../../../Engine/Plugins/Animation/ControlRig/Content/Controls/ControlRig_Arrow2_3mm.uexp" 238
"../../../Engine/Content/Functions/Engine_MaterialFunctions02/Utility/CameraDirectionVector.uasset" 239
"../../../Engine/Content/Functions/Engine_MaterialFunctions02/Utility/CameraDirectionVector.uexp" 240
"../../../Engine/Content/Functions/Engine_MaterialFunctions02/Utility/VectorLength.uasset" 241
"../../../Engine/Content/Functions/Engine_MaterialFunctions02/Utility/VectorLength.uexp" 242
"../../../Engine/Plugins/Experimental/MeshModelingToolsetExp/Content/Materials/GetDisplacementVectorForDepthBias.uasset" 243
"../../../Engine/Plugins/Experimental/MeshModelingToolsetExp/Content/Materials/GetDisplacementVectorForDepthBias.uexp" 244
"../../../Engine/Content/Functions/Engine_MaterialFunctions03/Viewport/MF_OrthoWidth.uasset" 245
"../../../Engine/Content/Functions/Engine_MaterialFunctions03/Viewport/MF_OrthoWidth.uexp" 246
"../../../Engine/Content/Functions/Engine_MaterialFunctions02/Utility/FOV.uasset" 247
"../../../Engine/Content/Functions/Engine_MaterialFunctions02/Utility/FOV.uexp" 248
"../../../Engine/Content/Functions/Engine_MaterialFunctions02/WorldPositionOffset/V2/ObjectScale.uasset" 249
"../../../Engine/Content/Functions/Engine_MaterialFunctions02/WorldPositionOffset/V2/ObjectScale.uexp" 250
"../../../Engine/Plugins/Experimental/MeshModelingToolsetExp/Content/Materials/PointSetOverlaidComponentMaterial.uasset" 251
"../../../Engine/Plugins/Experimental/MeshModelingToolsetExp/Content/Materials/PointSetOverlaidComponentMaterial.uexp" 252
"../../../Engine/Plugins/Animation/ControlRig/Content/Controls/ControlRig_Arrow2_solid.ubulk" 253
"../../../Engine/Plugins/Animation/ControlRig/Content/Controls/ControlRig_Arrow2_solid.uasset" 254
"../../../Engine/Plugins/Animation/ControlRig/Content/Controls/ControlRig_Arrow2_solid.uexp" 255
"../../../Engine/Content/EngineDebugMaterials/DebugEditorMaterial.uasset" 256
"../../../Engine/Content/EngineDebugMaterials/DebugEditorMaterial.uexp" 257
"../../../Engine/Content/EngineMaterials/WeightMapPlaceholderTexture.uasset" 258
"../../../Engine/Content/EngineMaterials/WeightMapPlaceholderTexture.uexp" 259
"../../../Engine/Content/EngineMaterials/WeightMapArrayPlaceholderTexture.uasset" 260
"../../../Engine/Content/EngineMaterials/WeightMapArrayPlaceholderTexture.uexp" 261
"../../../Engine/Plugins/Animation/ControlRig/Content/Controls/ControlRig_Arrow4_1mm.ubulk" 262
"../../../Engine/Plugins/Animation/ControlRig/Content/Controls/ControlRig_Arrow4_1mm.uasset" 263
"../../../Engine/Plugins/Animation/ControlRig/Content/Controls/ControlRig_Arrow4_1mm.uexp" 264
"../../../Engine/Content/EngineDebugMaterials/DebugMeshMaterial.uasset" 265
"../../../Engine/Content/EngineDebugMaterials/DebugMeshMaterial.uexp" 266
"../../../Engine/Plugins/Animation/ControlRig/Content/Controls/ControlRig_Arrow4_3mm.ubulk" 267
"../../../Engine/Plugins/Animation/ControlRig/Content/Controls/ControlRig_Arrow4_3mm.uasset" 268
"../../../Engine/Plugins/Animation/ControlRig/Content/Controls/ControlRig_Arrow4_3mm.uexp" 269
"../../../Engine/Content/EngineResources/WhiteSquareTexture.uasset" 270
"../../../Engine/Content/EngineResources/WhiteSquareTexture.uexp" 271
"../../../Engine/Content/EngineMaterials/Widget3DPassThrough.uasset" 272
"../../../Engine/Content/EngineMaterials/Widget3DPassThrough.uexp" 273
"../../../Engine/Content/EngineMaterials/Widget3DPassThrough_Masked.uasset" 274
"../../../Engine/Content/EngineMaterials/Widget3DPassThrough_Masked.uexp" 275
"../../../Engine/Plugins/Animation/ControlRig/Content/Controls/ControlRig_Arrow4_solid.ubulk" 276
"../../../Engine/Plugins/Animation/ControlRig/Content/Controls/ControlRig_Arrow4_solid.uasset" 277
"../../../Engine/Plugins/Animation/ControlRig/Content/Controls/ControlRig_Arrow4_solid.uexp" 278
"../../../Engine/Content/EngineMaterials/Widget3DPassThrough_Opaque.uasset" 279
"../../../Engine/Content/EngineMaterials/Widget3DPassThrough_Opaque.uexp" 280
"../../../Engine/Content/EngineMaterials/Widget3DPassThrough_Masked_OneSided.uasset" 281
"../../../Engine/Content/EngineMaterials/Widget3DPassThrough_Masked_OneSided.uexp" 282
"../../../Engine/Plugins/Animation/ControlRig/Content/Controls/ControlRig_Arrow_1mm.ubulk" 283
"../../../Engine/Plugins/Animation/ControlRig/Content/Controls/ControlRig_Arrow_1mm.uasset" 284
"../../../Engine/Plugins/Animation/ControlRig/Content/Controls/ControlRig_Arrow_1mm.uexp" 285
"../../../Engine/Content/EngineMaterials/Widget3DPassThrough_Opaque_OneSided.uasset" 286
"../../../Engine/Content/EngineMaterials/Widget3DPassThrough_Opaque_OneSided.uexp" 287
"../../../Engine/Plugins/Animation/ControlRig/Content/Controls/ControlRig_Arrow_3mm.ubulk" 288
"../../../Engine/Plugins/Animation/ControlRig/Content/Controls/ControlRig_Arrow_3mm.uasset" 289
"../../../Engine/Plugins/Animation/ControlRig/Content/Controls/ControlRig_Arrow_3mm.uexp" 290
"../../../Engine/Content/EngineMaterials/Widget3DPassThrough_Translucent.uasset" 291
"../../../Engine/Content/EngineMaterials/Widget3DPassThrough_Translucent.uexp" 292
"../../../Engine/Content/EngineMaterials/Widget3DPassThrough_Translucent_OneSided.uasset" 293
"../../../Engine/Content/EngineMaterials/Widget3DPassThrough_Translucent_OneSided.uexp" 294
"../../../Engine/Plugins/Animation/ControlRig/Content/Controls/ControlRig_Arrow_solid.ubulk" 295
"../../../Engine/Plugins/Animation/ControlRig/Content/Controls/ControlRig_Arrow_solid.uasset" 296
"../../../Engine/Plugins/Animation/ControlRig/Content/Controls/ControlRig_Arrow_solid.uexp" 297
"../../../Engine/Plugins/Animation/ControlRig/Content/Controls/ControlRig_Box_1mm.ubulk" 298
"../../../Engine/Plugins/Animation/ControlRig/Content/Controls/ControlRig_Box_1mm.uasset" 299
"../../../Engine/Plugins/Animation/ControlRig/Content/Controls/ControlRig_Box_1mm.uexp" 300
"../../../Engine/Plugins/Animation/ControlRig/Content/Controls/ControlRig_Box_3mm.ubulk" 301
"../../../Engine/Plugins/Animation/ControlRig/Content/Controls/ControlRig_Box_3mm.uasset" 302
"../../../Engine/Plugins/Animation/ControlRig/Content/Controls/ControlRig_Box_3mm.uexp" 303
"../../../Engine/Content/EditorMaterials/PhAT_NoCollisionMaterial.uasset" 304
"../../../Engine/Content/EditorMaterials/PhAT_NoCollisionMaterial.uexp" 305
"../../../Engine/Content/EditorMaterials/PhAT_UnselectedMaterial.uasset" 306
"../../../Engine/Content/EditorMaterials/PhAT_UnselectedMaterial.uexp" 307
"../../../Engine/Plugins/Animation/ControlRig/Content/Controls/ControlRig_Box_solid.ubulk" 308
"../../../Engine/Plugins/Animation/ControlRig/Content/Controls/ControlRig_Box_solid.uasset" 309
"../../../Engine/Plugins/Animation/ControlRig/Content/Controls/ControlRig_Box_solid.uexp" 310
"../../../Engine/Plugins/Animation/ControlRig/Content/Controls/ControlRig_Circle_1mm.ubulk" 311
"../../../Engine/Plugins/Animation/ControlRig/Content/Controls/ControlRig_Circle_1mm.uasset" 312
"../../../Engine/Plugins/Animation/ControlRig/Content/Controls/ControlRig_Circle_1mm.uexp" 313
"../../../Engine/Content/EditorMaterials/PreviewShadowIndicator.ubulk" 314
"../../../Engine/Content/EditorMaterials/PreviewShadowIndicator.uasset" 315
"../../../Engine/Content/EditorMaterials/PreviewShadowIndicator.uexp" 316
"../../../Engine/Content/EditorMaterials/PreviewShadowIndicatorMaterial.uasset" 317
"../../../Engine/Content/EditorMaterials/PreviewShadowIndicatorMaterial.uexp" 318
"../../../Engine/Plugins/Animation/ControlRig/Content/Controls/ControlRig_Circle_3mm.ubulk" 319
"../../../Engine/Plugins/Animation/ControlRig/Content/Controls/ControlRig_Circle_3mm.uasset" 320
"../../../Engine/Plugins/Animation/ControlRig/Content/Controls/ControlRig_Circle_3mm.uexp" 321
"../../../Engine/Plugins/Animation/ControlRig/Content/Controls/ControlRig_Circle_solid.ubulk" 322
"../../../Engine/Plugins/Animation/ControlRig/Content/Controls/ControlRig_Circle_solid.uasset" 323
"../../../Engine/Plugins/Animation/ControlRig/Content/Controls/ControlRig_Circle_solid.uexp" 324
"../../../Engine/Plugins/Animation/ControlRig/Content/Controls/ControlRig_Diamond_1mm.ubulk" 325
"../../../Engine/Plugins/Animation/ControlRig/Content/Controls/ControlRig_Diamond_1mm.uasset" 326
"../../../Engine/Plugins/Animation/ControlRig/Content/Controls/ControlRig_Diamond_1mm.uexp" 327
"../../../Engine/Plugins/Animation/ControlRig/Content/Controls/ControlRig_Diamond_3mm.ubulk" 328
"../../../Engine/Plugins/Animation/ControlRig/Content/Controls/ControlRig_Diamond_3mm.uasset" 329
"../../../Engine/Plugins/Animation/ControlRig/Content/Controls/ControlRig_Diamond_3mm.uexp" 330
"../../../Engine/Content/EngineDebugMaterials/M_SimpleUnlitTranslucent.uasset" 331
"../../../Engine/Content/EngineDebugMaterials/M_SimpleUnlitTranslucent.uexp" 332
"../../../Engine/Plugins/Animation/ControlRig/Content/Controls/ControlRig_Diamond_solid.ubulk" 333
"../../../Engine/Plugins/Animation/ControlRig/Content/Controls/ControlRig_Diamond_solid.uasset" 334
"../../../Engine/Plugins/Animation/ControlRig/Content/Controls/ControlRig_Diamond_solid.uexp" 335
"../../../Engine/Content/EngineDebugMaterials/VolumeToRender.uasset" 336
"../../../Engine/Content/EngineDebugMaterials/VolumeToRender.uexp" 337
"../../../Engine/Content/EngineDebugMaterials/M_VolumeRenderSphereTracePP.uasset" 338
"../../../Engine/Content/EngineDebugMaterials/M_VolumeRenderSphereTracePP.uexp" 339
"../../../Engine/Plugins/Animation/ControlRig/Content/Controls/ControlRig_HalfCircle_1mm.ubulk" 340
"../../../Engine/Plugins/Animation/ControlRig/Content/Controls/ControlRig_HalfCircle_1mm.uasset" 341
"../../../Engine/Plugins/Animation/ControlRig/Content/Controls/ControlRig_HalfCircle_1mm.uexp" 342
"../../../Engine/Plugins/Animation/ControlRig/Content/Controls/ControlRig_HalfCircle_3mm.ubulk" 343
"../../../Engine/Plugins/Animation/ControlRig/Content/Controls/ControlRig_HalfCircle_3mm.uasset" 344
"../../../Engine/Plugins/Animation/ControlRig/Content/Controls/ControlRig_HalfCircle_3mm.uexp" 345
"../../../Engine/Plugins/Animation/ControlRig/Content/Controls/ControlRig_HalfCircle_solid.ubulk" 346
"../../../Engine/Plugins/Animation/ControlRig/Content/Controls/ControlRig_HalfCircle_solid.uasset" 347
"../../../Engine/Plugins/Animation/ControlRig/Content/Controls/ControlRig_HalfCircle_solid.uexp" 348
"../../../Engine/Content/EngineMeshes/Sphere.ubulk" 349
"../../../Engine/Content/EngineMeshes/Sphere.uasset" 350
"../../../Engine/Content/EngineMeshes/Sphere.uexp" 351
"../../../Engine/Plugins/Animation/ControlRig/Content/Controls/ControlRig_Hexagon_1mm.ubulk" 352
"../../../Engine/Plugins/Animation/ControlRig/Content/Controls/ControlRig_Hexagon_1mm.uasset" 353
"../../../Engine/Plugins/Animation/ControlRig/Content/Controls/ControlRig_Hexagon_1mm.uexp" 354
"../../../Engine/Plugins/Animation/ControlRig/Content/Controls/ControlRig_Hexagon_3mm.ubulk" 355
"../../../Engine/Plugins/Animation/ControlRig/Content/Controls/ControlRig_Hexagon_3mm.uasset" 356
"../../../Engine/Plugins/Animation/ControlRig/Content/Controls/ControlRig_Hexagon_3mm.uexp" 357
"../../../Engine/Plugins/Animation/ControlRig/Content/Controls/ControlRig_Hexagon_solid.ubulk" 358
"../../../Engine/Plugins/Animation/ControlRig/Content/Controls/ControlRig_Hexagon_solid.uasset" 359
"../../../Engine/Plugins/Animation/ControlRig/Content/Controls/ControlRig_Hexagon_solid.uexp" 360
"../../../Engine/Plugins/Animation/ControlRig/Content/Controls/ControlRig_Octagon_1mm.ubulk" 361
"../../../Engine/Plugins/Animation/ControlRig/Content/Controls/ControlRig_Octagon_1mm.uasset" 362
"../../../Engine/Plugins/Animation/ControlRig/Content/Controls/ControlRig_Octagon_1mm.uexp" 363
"../../../Engine/Plugins/Animation/ControlRig/Content/Controls/ControlRig_Octagon_3mm.ubulk" 364
"../../../Engine/Plugins/Animation/ControlRig/Content/Controls/ControlRig_Octagon_3mm.uasset" 365
"../../../Engine/Plugins/Animation/ControlRig/Content/Controls/ControlRig_Octagon_3mm.uexp" 366
"../../../Engine/Plugins/Animation/ControlRig/Content/Controls/ControlRig_Octagon_solid.ubulk" 367
"../../../Engine/Plugins/Animation/ControlRig/Content/Controls/ControlRig_Octagon_solid.uasset" 368
"../../../Engine/Plugins/Animation/ControlRig/Content/Controls/ControlRig_Octagon_solid.uexp" 369
"../../../Engine/Plugins/Animation/ControlRig/Content/Controls/ControlRig_Pyramid_1mm.ubulk" 370
"../../../Engine/Plugins/Animation/ControlRig/Content/Controls/ControlRig_Pyramid_1mm.uasset" 371
"../../../Engine/Plugins/Animation/ControlRig/Content/Controls/ControlRig_Pyramid_1mm.uexp" 372
"../../../Engine/Plugins/Animation/ControlRig/Content/Controls/ControlRig_Pyramid_3mm.ubulk" 373
"../../../Engine/Plugins/Animation/ControlRig/Content/Controls/ControlRig_Pyramid_3mm.uasset" 374
"../../../Engine/Plugins/Animation/ControlRig/Content/Controls/ControlRig_Pyramid_3mm.uexp" 375
"../../../Engine/Plugins/Animation/ControlRig/Content/Controls/ControlRig_Pyramid_solid.ubulk" 376
"../../../Engine/Plugins/Animation/ControlRig/Content/Controls/ControlRig_Pyramid_solid.uasset" 377
"../../../Engine/Plugins/Animation/ControlRig/Content/Controls/ControlRig_Pyramid_solid.uexp" 378
"../../../Engine/Plugins/Animation/ControlRig/Content/Controls/ControlRig_QuarterCircle_1mm.ubulk" 379
"../../../Engine/Plugins/Animation/ControlRig/Content/Controls/ControlRig_QuarterCircle_1mm.uasset" 380
"../../../Engine/Plugins/Animation/ControlRig/Content/Controls/ControlRig_QuarterCircle_1mm.uexp" 381
"../../../Engine/Content/EngineResources/Black.uasset" 382
"../../../Engine/Content/EngineResources/Black.uexp" 383
"../../../Engine/Plugins/Animation/ControlRig/Content/Controls/ControlRig_QuarterCircle_3mm.ubulk" 384
"../../../Engine/Plugins/Animation/ControlRig/Content/Controls/ControlRig_QuarterCircle_3mm.uasset" 385
"../../../Engine/Plugins/Animation/ControlRig/Content/Controls/ControlRig_QuarterCircle_3mm.uexp" 386
"../../../Engine/Plugins/Animation/ControlRig/Content/Controls/ControlRig_QuarterCircle_solid.ubulk" 387
"../../../Engine/Plugins/Animation/ControlRig/Content/Controls/ControlRig_QuarterCircle_solid.uasset" 388
"../../../Engine/Plugins/Animation/ControlRig/Content/Controls/ControlRig_QuarterCircle_solid.uexp" 389
"../../../Engine/Content/EngineResources/DefaultTexture.ubulk" 390
"../../../Engine/Content/EngineResources/DefaultTexture.uasset" 391
"../../../Engine/Content/EngineResources/DefaultTexture.uexp" 392
"../../../Engine/Plugins/Animation/ControlRig/Content/Controls/ControlRig_RoundedSquare_1mm.ubulk" 393
"../../../Engine/Plugins/Animation/ControlRig/Content/Controls/ControlRig_RoundedSquare_1mm.uasset" 394
"../../../Engine/Plugins/Animation/ControlRig/Content/Controls/ControlRig_RoundedSquare_1mm.uexp" 395
"../../../Engine/Content/EngineResources/DefaultTextureCube.uasset" 396
"../../../Engine/Content/EngineResources/DefaultTextureCube.uexp" 397
"../../../Engine/Plugins/Animation/ControlRig/Content/Controls/ControlRig_RoundedSquare_3mm.ubulk" 398
"../../../Engine/Plugins/Animation/ControlRig/Content/Controls/ControlRig_RoundedSquare_3mm.uasset" 399
"../../../Engine/Plugins/Animation/ControlRig/Content/Controls/ControlRig_RoundedSquare_3mm.uexp" 400
"../../../Engine/Plugins/Animation/ControlRig/Content/Controls/ControlRig_RoundedSquare_solid.ubulk" 401
"../../../Engine/Plugins/Animation/ControlRig/Content/Controls/ControlRig_RoundedSquare_solid.uasset" 402
"../../../Engine/Plugins/Animation/ControlRig/Content/Controls/ControlRig_RoundedSquare_solid.uexp" 403
"../../../Engine/Plugins/Animation/ControlRig/Content/Controls/ControlRig_RoundedTriangle_1mm.ubulk" 404
"../../../Engine/Plugins/Animation/ControlRig/Content/Controls/ControlRig_RoundedTriangle_1mm.uasset" 405
"../../../Engine/Plugins/Animation/ControlRig/Content/Controls/ControlRig_RoundedTriangle_1mm.uexp" 406
"../../../Engine/Plugins/Animation/ControlRig/Content/Controls/ControlRig_RoundedTriangle_3mm.ubulk" 407
"../../../Engine/Plugins/Animation/ControlRig/Content/Controls/ControlRig_RoundedTriangle_3mm.uasset" 408
"../../../Engine/Plugins/Animation/ControlRig/Content/Controls/ControlRig_RoundedTriangle_3mm.uexp" 409
"../../../Engine/Plugins/Animation/ControlRig/Content/Controls/ControlRig_RoundedTriangle_solid.ubulk" 410
"../../../Engine/Plugins/Animation/ControlRig/Content/Controls/ControlRig_RoundedTriangle_solid.uasset" 411
"../../../Engine/Plugins/Animation/ControlRig/Content/Controls/ControlRig_RoundedTriangle_solid.uexp" 412
"../../../Engine/Content/EngineResources/GradientTexture0.uasset" 413
"../../../Engine/Content/EngineResources/GradientTexture0.uexp" 414
"../../../Engine/Plugins/Animation/ControlRig/Content/Controls/ControlRig_Sphere_1mm.ubulk" 415
"../../../Engine/Plugins/Animation/ControlRig/Content/Controls/ControlRig_Sphere_1mm.uasset" 416
"../../../Engine/Plugins/Animation/ControlRig/Content/Controls/ControlRig_Sphere_1mm.uexp" 417
"../../../Engine/Plugins/Animation/ControlRig/Content/Controls/ControlRig_Sphere_3mm.ubulk" 418
"../../../Engine/Plugins/Animation/ControlRig/Content/Controls/ControlRig_Sphere_3mm.uasset" 419
"../../../Engine/Plugins/Animation/ControlRig/Content/Controls/ControlRig_Sphere_3mm.uexp" 420
"../../../Engine/Plugins/Animation/ControlRig/Content/Controls/ControlRig_Sphere_solid.ubulk" 421
"../../../Engine/Plugins/Animation/ControlRig/Content/Controls/ControlRig_Sphere_solid.uasset" 422
"../../../Engine/Plugins/Animation/ControlRig/Content/Controls/ControlRig_Sphere_solid.uexp" 423
"../../../Engine/Content/EngineResources/LandscapeVisibilityLayerInfo.uasset" 424
"../../../Engine/Content/EngineResources/LandscapeVisibilityLayerInfo.uexp" 425
"../../../Engine/Plugins/Animation/ControlRig/Content/Controls/ControlRig_Square_1mm.ubulk" 426
"../../../Engine/Plugins/Animation/ControlRig/Content/Controls/ControlRig_Square_1mm.uasset" 427
"../../../Engine/Plugins/Animation/ControlRig/Content/Controls/ControlRig_Square_1mm.uexp" 428
"../../../Engine/Plugins/Animation/ControlRig/Content/Controls/ControlRig_Square_3mm.ubulk" 429
"../../../Engine/Plugins/Animation/ControlRig/Content/Controls/ControlRig_Square_3mm.uasset" 430
"../../../Engine/Plugins/Animation/ControlRig/Content/Controls/ControlRig_Square_3mm.uexp" 431
"../../../Engine/Plugins/Animation/ControlRig/Content/Controls/ControlRig_Square_solid.ubulk" 432
"../../../Engine/Plugins/Animation/ControlRig/Content/Controls/ControlRig_Square_solid.uasset" 433
"../../../Engine/Plugins/Animation/ControlRig/Content/Controls/ControlRig_Square_solid.uexp" 434
"../../../Engine/Plugins/Animation/ControlRig/Content/Controls/ControlRig_Star4_1mm.ubulk" 435
"../../../Engine/Plugins/Animation/ControlRig/Content/Controls/ControlRig_Star4_1mm.uasset" 436
"../../../Engine/Plugins/Animation/ControlRig/Content/Controls/ControlRig_Star4_1mm.uexp" 437
"../../../Engine/Plugins/Animation/ControlRig/Content/Controls/ControlRig_Star4_3mm.ubulk" 438
"../../../Engine/Plugins/Animation/ControlRig/Content/Controls/ControlRig_Star4_3mm.uasset" 439
"../../../Engine/Plugins/Animation/ControlRig/Content/Controls/ControlRig_Star4_3mm.uexp" 440
"../../../Engine/Plugins/Animation/ControlRig/Content/Controls/ControlRig_Star4_solid.ubulk" 441
"../../../Engine/Plugins/Animation/ControlRig/Content/Controls/ControlRig_Star4_solid.uasset" 442
"../../../Engine/Plugins/Animation/ControlRig/Content/Controls/ControlRig_Star4_solid.uexp" 443
"../../../Engine/Plugins/Animation/ControlRig/Content/Controls/ControlRig_Triangle_1mm.ubulk" 444
"../../../Engine/Plugins/Animation/ControlRig/Content/Controls/ControlRig_Triangle_1mm.uasset" 445
"../../../Engine/Plugins/Animation/ControlRig/Content/Controls/ControlRig_Triangle_1mm.uexp" 446
"../../../Engine/Plugins/Animation/ControlRig/Content/Controls/ControlRig_Triangle_3mm.ubulk" 447
"../../../Engine/Plugins/Animation/ControlRig/Content/Controls/ControlRig_Triangle_3mm.uasset" 448
"../../../Engine/Plugins/Animation/ControlRig/Content/Controls/ControlRig_Triangle_3mm.uexp" 449
"../../../Engine/Plugins/Animation/ControlRig/Content/Controls/ControlRig_Triangle_solid.ubulk" 450
"../../../Engine/Plugins/Animation/ControlRig/Content/Controls/ControlRig_Triangle_solid.uasset" 451
"../../../Engine/Plugins/Animation/ControlRig/Content/Controls/ControlRig_Triangle_solid.uexp" 452
"../../../Engine/Plugins/Animation/ControlRig/Content/Controls/ControlRig_Wedge_1mm.ubulk" 453
"../../../Engine/Plugins/Animation/ControlRig/Content/Controls/ControlRig_Wedge_1mm.uasset" 454
"../../../Engine/Plugins/Animation/ControlRig/Content/Controls/ControlRig_Wedge_1mm.uexp" 455
"../../../Engine/Plugins/Animation/ControlRig/Content/Controls/ControlRig_Wedge_3mm.ubulk" 456
"../../../Engine/Plugins/Animation/ControlRig/Content/Controls/ControlRig_Wedge_3mm.uasset" 457
"../../../Engine/Plugins/Animation/ControlRig/Content/Controls/ControlRig_Wedge_3mm.uexp" 458
"../../../Engine/Plugins/Interchange/Assets/Content/Functions/MX_AbsorptionVDF.uasset" 459
"../../../Engine/Plugins/Interchange/Assets/Content/Functions/MX_AbsorptionVDF.uexp" 460
"../../../Engine/Plugins/Animation/ControlRig/Content/Controls/ControlRig_Wedge_solid.ubulk" 461
"../../../Engine/Plugins/Animation/ControlRig/Content/Controls/ControlRig_Wedge_solid.uasset" 462
"../../../Engine/Plugins/Animation/ControlRig/Content/Controls/ControlRig_Wedge_solid.uexp" 463
"../../../Engine/Plugins/Interchange/Assets/Content/Functions/MX_AnisotropicVDF.uasset" 464
"../../../Engine/Plugins/Interchange/Assets/Content/Functions/MX_AnisotropicVDF.uexp" 465
"../../../Engine/Content/EditorResources/BSPVertex.uasset" 466
"../../../Engine/Content/EditorResources/BSPVertex.uexp" 467
"../../../Engine/Plugins/Interchange/Assets/Content/Functions/MX_BurleyDiffuseBSDF.uasset" 468
"../../../Engine/Plugins/Interchange/Assets/Content/Functions/MX_BurleyDiffuseBSDF.uexp" 469
"../../../Engine/Plugins/Interchange/Assets/Content/Functions/MX_ChiangHairBSDF.uasset" 470
"../../../Engine/Plugins/Interchange/Assets/Content/Functions/MX_ChiangHairBSDF.uexp" 471
"../../../Engine/Plugins/Interchange/Assets/Content/Functions/MX_ConductorBSDF.uasset" 472
"../../../Engine/Plugins/Interchange/Assets/Content/Functions/MX_ConductorBSDF.uexp" 473
"../../../Engine/Plugins/Interchange/Assets/Content/Functions/MX_ConicalEDF.uasset" 474
"../../../Engine/Plugins/Interchange/Assets/Content/Functions/MX_ConicalEDF.uexp" 475
"../../../Engine/Plugins/Interchange/Assets/Content/Functions/MX_DielectricBSDF.uasset" 476
"../../../Engine/Plugins/Interchange/Assets/Content/Functions/MX_DielectricBSDF.uexp" 477
"../../../Engine/Plugins/Interchange/Assets/Content/Functions/MX_Displacement.uasset" 478
"../../../Engine/Plugins/Interchange/Assets/Content/Functions/MX_Displacement.uexp" 479
"../../../Engine/Plugins/Interchange/Assets/Content/Functions/MX_GeneralizedSchlickBSDF.uasset" 480
"../../../Engine/Plugins/Interchange/Assets/Content/Functions/MX_GeneralizedSchlickBSDF.uexp" 481
"../../../Engine/Content/EditorResources/S_Actor.ubulk" 482
"../../../Engine/Content/EditorResources/S_Actor.uasset" 483
"../../../Engine/Content/EditorResources/S_Actor.uexp" 484
"../../../Engine/Content/EditorResources/S_BoxReflectionCapture.uasset" 485
"../../../Engine/Content/EditorResources/S_BoxReflectionCapture.uexp" 486
"../../../Engine/Plugins/Interchange/Assets/Content/Functions/MX_MeasuredEDF.uasset" 487
"../../../Engine/Plugins/Interchange/Assets/Content/Functions/MX_MeasuredEDF.uexp" 488
"../../../Engine/Plugins/Interchange/Assets/Content/Functions/MF_IridescenceNoLUT.uasset" 489
"../../../Engine/Plugins/Interchange/Assets/Content/Functions/MF_IridescenceNoLUT.uexp" 490
"../../../Engine/Plugins/Interchange/Assets/Content/Functions/MX_StandardSurface.uasset" 491
"../../../Engine/Plugins/Interchange/Assets/Content/Functions/MX_StandardSurface.uexp" 492
"../../../Engine/Plugins/Interchange/Assets/Content/Functions/MX_OpenPBR_Opaque.uasset" 493
"../../../Engine/Plugins/Interchange/Assets/Content/Functions/MX_OpenPBR_Opaque.uexp" 494
"../../../Engine/Plugins/Interchange/Assets/Content/Functions/MX_TransmissionSurface.uasset" 495
"../../../Engine/Plugins/Interchange/Assets/Content/Functions/MX_TransmissionSurface.uexp" 496
"../../../Engine/Plugins/Interchange/Assets/Content/Functions/MX_OpenPBR_Translucent.uasset" 497
"../../../Engine/Plugins/Interchange/Assets/Content/Functions/MX_OpenPBR_Translucent.uexp" 498
"../../../Engine/Plugins/Interchange/Assets/Content/Functions/MX_OrenNayarBSDF.uasset" 499
"../../../Engine/Plugins/Interchange/Assets/Content/Functions/MX_OrenNayarBSDF.uexp" 500
"../../../Engine/Plugins/Interchange/Assets/Content/Substrate/MX_SimpleVolume.uasset" 501
"../../../Engine/Plugins/Interchange/Assets/Content/Substrate/MX_SimpleVolume.uexp" 502
"../../../Engine/Plugins/Interchange/Assets/Content/Functions/MX_SheenBSDF.uasset" 503
"../../../Engine/Plugins/Interchange/Assets/Content/Functions/MX_SheenBSDF.uexp" 504
"../../../Engine/Plugins/Interchange/Assets/Content/Functions/MX_SubsurfaceBSDF.uasset" 505
"../../../Engine/Plugins/Interchange/Assets/Content/Functions/MX_SubsurfaceBSDF.uexp" 506
"../../../Engine/Plugins/Interchange/Assets/Content/Functions/MX_Surface.uasset" 507
"../../../Engine/Plugins/Interchange/Assets/Content/Functions/MX_Surface.uexp" 508
"../../../Engine/Plugins/Interchange/Assets/Content/Functions/MX_SurfaceUnlit.uasset" 509
"../../../Engine/Plugins/Interchange/Assets/Content/Functions/MX_SurfaceUnlit.uexp" 510
"../../../Engine/Plugins/Interchange/Assets/Content/Functions/MX_TranslucentBSDF.uasset" 511
"../../../Engine/Plugins/Interchange/Assets/Content/Functions/MX_TranslucentBSDF.uexp" 512
"../../../Engine/Plugins/Interchange/Assets/Content/Functions/MX_UniformEDF.uasset" 513
"../../../Engine/Plugins/Interchange/Assets/Content/Functions/MX_UniformEDF.uexp" 514
"../../../Engine/Plugins/Interchange/Assets/Content/Functions/MX_UsdPreviewSurface.uasset" 515
"../../../Engine/Plugins/Interchange/Assets/Content/Functions/MX_UsdPreviewSurface.uexp" 516
"../../../Engine/Content/EngineMaterials/DefaultBloomKernel.uasset" 517
"../../../Engine/Content/EngineMaterials/DefaultBloomKernel.uexp" 518
"../../../Engine/Content/EngineMaterials/DefaultBokeh.uasset" 519
"../../../Engine/Content/EngineMaterials/DefaultBokeh.uexp" 520
"../../../Engine/Content/EngineMaterials/DefaultDeferredDecalMaterial.uasset" 521
"../../../Engine/Content/EngineMaterials/DefaultDeferredDecalMaterial.uexp" 522
"../../../Engine/Content/EngineMaterials/DefaultLightFunctionMaterial.uasset" 523
"../../../Engine/Content/EngineMaterials/DefaultLightFunctionMaterial.uexp" 524
"../../../Engine/Plugins/Animation/DeformerGraph/Content/DeformerFunctions/DG_Function_LinearBlendSkin_Morph_Cloth.uasset" 525
"../../../Engine/Plugins/Animation/DeformerGraph/Content/DeformerFunctions/DG_Function_LinearBlendSkin_Morph_Cloth.uexp" 526
"../../../Engine/Plugins/Animation/DeformerGraph/Content/Deformers/DG_LinearBlendSkin_Morph_Cloth.uasset" 527
"../../../Engine/Plugins/Animation/DeformerGraph/Content/Deformers/DG_LinearBlendSkin_Morph_Cloth.uexp" 528
"../../../Engine/Plugins/Animation/DeformerGraph/Content/DeformerFunctions/DG_Function_ComputeNormalsTangents.uasset" 529
"../../../Engine/Plugins/Animation/DeformerGraph/Content/DeformerFunctions/DG_Function_ComputeNormalsTangents.uexp" 530
"../../../Engine/Plugins/Animation/DeformerGraph/Content/DeformerFunctions/DG_Function_LinearBlendSkin_Morph_Cloth_PositionOnly.uasset" 531
"../../../Engine/Plugins/Animation/DeformerGraph/Content/DeformerFunctions/DG_Function_LinearBlendSkin_Morph_Cloth_PositionOnly.uexp" 532
"../../../Engine/Plugins/Animation/DeformerGraph/Content/Deformers/DG_LinearBlendSkin_Morph_Cloth_RecomputeNormals.uasset" 533
"../../../Engine/Plugins/Animation/DeformerGraph/Content/Deformers/DG_LinearBlendSkin_Morph_Cloth_RecomputeNormals.uexp" 534
"../../../Engine/Content/EngineMaterials/DefaultPostProcessMaterial.uasset" 535
"../../../Engine/Content/EngineMaterials/DefaultPostProcessMaterial.uexp" 536
"../../../Engine/Content/EngineFonts/RobotoDistanceField.uasset" 537
"../../../Engine/Content/EngineFonts/RobotoDistanceField.uexp" 538
"../../../Engine/Content/EngineMaterials/DefaultTextMaterialOpaque.uasset" 539
"../../../Engine/Content/EngineMaterials/DefaultTextMaterialOpaque.uexp" 540
"../../../Engine/Content/EngineMaterials/DefaultWhiteGrid.ubulk" 541
"../../../Engine/Content/EngineMaterials/DefaultWhiteGrid.uasset" 542
"../../../Engine/Content/EngineMaterials/DefaultWhiteGrid.uexp" 543
"../../../Engine/Content/EngineMaterials/DefaultWhiteGrid_Low.uasset" 544
"../../../Engine/Content/EngineMaterials/DefaultWhiteGrid_Low.uexp" 545
"../../../Engine/Content/EngineMaterials/EmissiveMeshMaterial.uasset" 546
"../../../Engine/Content/EngineMaterials/EmissiveMeshMaterial.uexp" 547
"../../../Engine/Content/EngineMaterials/FastBlueNoise_scalar_128x128x64.uasset" 548
"../../../Engine/Content/EngineMaterials/FastBlueNoise_scalar_128x128x64.uexp" 549
"../../../Engine/Content/EngineMaterials/FastBlueNoise_scalar_128x128x8.uasset" 550
"../../../Engine/Content/EngineMaterials/FastBlueNoise_scalar_128x128x8.uexp" 551
"../../../Engine/Content/EditorMaterials/Dataflow/DataflowTwoSidedVertexMaterial.uasset" 552
"../../../Engine/Content/EditorMaterials/Dataflow/DataflowTwoSidedVertexMaterial.uexp" 553
"../../../Engine/Content/EngineMaterials/FastBlueNoise_vec2_128x128x64.uasset" 554
"../../../Engine/Content/EngineMaterials/FastBlueNoise_vec2_128x128x64.uexp" 555
"../../../Engine/Content/EditorMaterials/Dataflow/DataflowVertexMaterial.uasset" 556
"../../../Engine/Content/EditorMaterials/Dataflow/DataflowVertexMaterial.uexp" 557
"../../../Engine/Content/Functions/Engine_MaterialFunctions02/WorldPositionOffset/ObjectScale.uasset" 558
"../../../Engine/Content/Functions/Engine_MaterialFunctions02/WorldPositionOffset/ObjectScale.uexp" 559
"../../../Engine/Plugins/Editor/SpeedTreeImporter/Content/SpeedTree9/Empty.uasset" 560
"../../../Engine/Plugins/Editor/SpeedTreeImporter/Content/SpeedTree9/Empty.uexp" 561
"../../../Engine/Plugins/Editor/SpeedTreeImporter/Content/SpeedTree9/EmptyNormal.uasset" 562
"../../../Engine/Plugins/Editor/SpeedTreeImporter/Content/SpeedTree9/EmptyNormal.uexp" 563
"../../../Engine/Plugins/Editor/SpeedTreeImporter/Content/SpeedTree9/game_wind_noise.ubulk" 564
"../../../Engine/Plugins/Editor/SpeedTreeImporter/Content/SpeedTree9/game_wind_noise.uasset" 565
"../../../Engine/Plugins/Editor/SpeedTreeImporter/Content/SpeedTree9/game_wind_noise.uexp" 566
"../../../Engine/Plugins/Editor/SpeedTreeImporter/Content/SpeedTree9/SpeedTreeBillboard.uasset" 567
"../../../Engine/Plugins/Editor/SpeedTreeImporter/Content/SpeedTree9/SpeedTreeBillboard.uexp" 568
"../../../Engine/Content/Functions/Engine_MaterialFunctions02/SafeNormalize.uasset" 569
"../../../Engine/Content/Functions/Engine_MaterialFunctions02/SafeNormalize.uexp" 570
"../../../Engine/Plugins/Editor/SpeedTreeImporter/Content/SpeedTree9/SpeedTreeWindMotion.uasset" 571
"../../../Engine/Plugins/Editor/SpeedTreeImporter/Content/SpeedTree9/SpeedTreeWindMotion.uexp" 572
"../../../Engine/Plugins/Editor/SpeedTreeImporter/Content/SpeedTree9/UnpackDirection.uasset" 573
"../../../Engine/Plugins/Editor/SpeedTreeImporter/Content/SpeedTree9/UnpackDirection.uexp" 574
"../../../Engine/Plugins/Editor/SpeedTreeImporter/Content/SpeedTree9/UnpackInteger3.uasset" 575
"../../../Engine/Plugins/Editor/SpeedTreeImporter/Content/SpeedTree9/UnpackInteger3.uexp" 576
"../../../Engine/Plugins/Editor/SpeedTreeImporter/Content/SpeedTree9/SpeedTreeBranchMotion.uasset" 577
"../../../Engine/Plugins/Editor/SpeedTreeImporter/Content/SpeedTree9/SpeedTreeBranchMotion.uexp" 578
"../../../Engine/Content/Functions/Engine_MaterialFunctions02/ObjectLocalBounds.uasset" 579
"../../../Engine/Content/Functions/Engine_MaterialFunctions02/ObjectLocalBounds.uexp" 580
"../../../Engine/Content/Functions/Engine_MaterialFunctions02/UVs/BoundingBoxBased_0-1_UVW.uasset" 581
"../../../Engine/Content/Functions/Engine_MaterialFunctions02/UVs/BoundingBoxBased_0-1_UVW.uexp" 582
"../../../Engine/Plugins/Editor/SpeedTreeImporter/Content/SpeedTree9/SpeedTreeWind.uasset" 583
"../../../Engine/Plugins/Editor/SpeedTreeImporter/Content/SpeedTree9/SpeedTreeWind.uexp" 584
"../../../Engine/Plugins/Editor/SpeedTreeImporter/Content/SpeedTree9/SpeedTreeBillboardMaster.uasset" 585
"../../../Engine/Plugins/Editor/SpeedTreeImporter/Content/SpeedTree9/SpeedTreeBillboardMaster.uexp" 586
"../../../Engine/Content/EngineMaterials/BaseFlattenDiffuseMap.uasset" 587
"../../../Engine/Content/EngineMaterials/BaseFlattenDiffuseMap.uexp" 588
"../../../Engine/Content/EngineMaterials/BaseFlattenEmissiveMap.uasset" 589
"../../../Engine/Content/EngineMaterials/BaseFlattenEmissiveMap.uexp" 590
"../../../Engine/Content/EngineMaterials/BaseFlattenGrayscaleMap.uasset" 591
"../../../Engine/Content/EngineMaterials/BaseFlattenGrayscaleMap.uexp" 592
"../../../Engine/Content/EngineMaterials/BaseFlattenLinearColor.uasset" 593
"../../../Engine/Content/EngineMaterials/BaseFlattenLinearColor.uexp" 594
"../../../Engine/Content/EngineMaterials/BaseFlattenNormalMap.uasset" 595
"../../../Engine/Content/EngineMaterials/BaseFlattenNormalMap.uexp" 596
"../../../Engine/Content/Functions/Engine_MaterialFunctions02/PivotPainter2/Black_1x1_EXR_Texture.uasset" 597
"../../../Engine/Content/Functions/Engine_MaterialFunctions02/PivotPainter2/Black_1x1_EXR_Texture.uexp" 598
"../../../Engine/Content/EngineMaterials/FlattenMaterial.uasset" 599
"../../../Engine/Content/EngineMaterials/FlattenMaterial.uexp" 600
"../../../Engine/Plugins/Runtime/AudioWidgets/Content/Resources/ScrubHandleDown_Clamped.uasset" 601
"../../../Engine/Plugins/Runtime/AudioWidgets/Content/Resources/ScrubHandleDown_Clamped.uexp" 602
"../../../Engine/Plugins/2D/Paper2D/Content/DefaultSpriteMaterial.uasset" 603
"../../../Engine/Plugins/2D/Paper2D/Content/DefaultSpriteMaterial.uexp" 604
"../../../Engine/Plugins/2D/Paper2D/Content/MaskedUnlitSpriteMaterial.uasset" 605
"../../../Engine/Plugins/2D/Paper2D/Content/MaskedUnlitSpriteMaterial.uexp" 606
"../../../Engine/Content/EngineMaterials/BaseFlattenDiffuseMap_VT.ubulk" 607
"../../../Engine/Content/EngineMaterials/BaseFlattenDiffuseMap_VT.uasset" 608
"../../../Engine/Content/EngineMaterials/BaseFlattenDiffuseMap_VT.uexp" 609
"../../../Engine/Content/EngineMaterials/BaseFlattenEmissiveMap_VT.ubulk" 610
"../../../Engine/Content/EngineMaterials/BaseFlattenEmissiveMap_VT.uasset" 611
"../../../Engine/Content/EngineMaterials/BaseFlattenEmissiveMap_VT.uexp" 612
"../../../Engine/Content/EngineMaterials/BaseFlattenGrayscaleMap_VT.ubulk" 613
"../../../Engine/Content/EngineMaterials/BaseFlattenGrayscaleMap_VT.uasset" 614
"../../../Engine/Content/EngineMaterials/BaseFlattenGrayscaleMap_VT.uexp" 615
"../../../Engine/Content/EngineMaterials/BaseFlattenLinearColor_VT.ubulk" 616
"../../../Engine/Content/EngineMaterials/BaseFlattenLinearColor_VT.uasset" 617
"../../../Engine/Content/EngineMaterials/BaseFlattenLinearColor_VT.uexp" 618
"../../../Engine/Content/EngineMaterials/BaseFlattenNormalMap_VT.ubulk" 619
"../../../Engine/Content/EngineMaterials/BaseFlattenNormalMap_VT.uasset" 620
"../../../Engine/Content/EngineMaterials/BaseFlattenNormalMap_VT.uexp" 621
"../../../Engine/Content/EngineMaterials/Black_1x1_EXR_Texture_VT.ubulk" 622
"../../../Engine/Content/EngineMaterials/Black_1x1_EXR_Texture_VT.uasset" 623
"../../../Engine/Content/EngineMaterials/Black_1x1_EXR_Texture_VT.uexp" 624
"../../../Engine/Content/EngineMaterials/FlattenMaterial_VT.uasset" 625
"../../../Engine/Content/EngineMaterials/FlattenMaterial_VT.uexp" 626
"../../../Engine/Plugins/Editor/SpeedTreeImporter/Content/SpeedTree9/SpeedTreeCameraFacing.uasset" 627
"../../../Engine/Plugins/Editor/SpeedTreeImporter/Content/SpeedTree9/SpeedTreeCameraFacing.uexp" 628
"../../../Engine/Plugins/Editor/SpeedTreeImporter/Content/SpeedTree9/SpeedTreeMaster.uasset" 629
"../../../Engine/Plugins/Editor/SpeedTreeImporter/Content/SpeedTree9/SpeedTreeMaster.uexp" 630
"../../../Engine/Plugins/2D/Paper2D/Content/OpaqueUnlitSpriteMaterial.uasset" 631
"../../../Engine/Plugins/2D/Paper2D/Content/OpaqueUnlitSpriteMaterial.uexp" 632
"../../../Engine/Content/EngineMaterials/FlattenMaterial_WS_Normal_VT.uasset" 633
"../../../Engine/Content/EngineMaterials/FlattenMaterial_WS_Normal_VT.uexp" 634
"../../../Engine/Plugins/Animation/ControlRig/Content/M_Manip.uasset" 635
"../../../Engine/Plugins/Animation/ControlRig/Content/M_Manip.uexp" 636
"../../../Engine/Content/EngineMaterials/GizmoMaterial.uasset" 637
"../../../Engine/Content/EngineMaterials/GizmoMaterial.uexp" 638
"../../../Engine/Plugins/Media/MediaPlate/Content/SM_MediaPlateScreen.ubulk" 639
"../../../Engine/Plugins/Media/MediaPlate/Content/SM_MediaPlateScreen.uasset" 640
"../../../Engine/Plugins/Media/MediaPlate/Content/SM_MediaPlateScreen.uexp" 641
"../../../Engine/Plugins/NNE/NNEDenoiser/Content/NNEDIM_ColorAlbedoNormal_Alpha.uasset" 642
"../../../Engine/Plugins/NNE/NNEDenoiser/Content/NNEDIM_ColorAlbedoNormal_Alpha.uexp" 643
"../../../Engine/Plugins/NNE/NNEDenoiser/Content/NNEDIM_ColorAlbedoNormal_Default.uasset" 644
"../../../Engine/Plugins/NNE/NNEDenoiser/Content/NNEDIM_ColorAlbedoNormal_Default.uexp" 645
"../../../Engine/Plugins/NNE/NNEDenoiser/Content/NNEDIM_HighQuality_Alpha.uasset" 646
"../../../Engine/Plugins/NNE/NNEDenoiser/Content/NNEDIM_HighQuality_Alpha.uexp" 647
"../../../Engine/Plugins/NNE/NNEDenoiser/Content/NNEDIM_HighQuality_Default.uasset" 648
"../../../Engine/Plugins/NNE/NNEDenoiser/Content/NNEDIM_HighQuality_Default.uexp" 649
"../../../Engine/Plugins/NNE/NNEDenoiser/Content/NNEDOM_Output_Alpha.uasset" 650
"../../../Engine/Plugins/NNE/NNEDenoiser/Content/NNEDOM_Output_Alpha.uexp" 651
"../../../Engine/Plugins/NNE/NNEDenoiser/Content/NNEDOM_Output_Default.uasset" 652
"../../../Engine/Plugins/NNE/NNEDenoiser/Content/NNEDOM_Output_Default.uexp" 653
"../../../Engine/Plugins/NNE/NNEDenoiser/Content/NNEDTIM_ColorAlbedoNormal_Alpha.uasset" 654
"../../../Engine/Plugins/NNE/NNEDenoiser/Content/NNEDTIM_ColorAlbedoNormal_Alpha.uexp" 655
"../../../Engine/Plugins/NNE/NNEDenoiser/Content/NNEDTIM_ColorAlbedoNormal_Default.uasset" 656
"../../../Engine/Plugins/NNE/NNEDenoiser/Content/NNEDTIM_ColorAlbedoNormal_Default.uexp" 657
"../../../Engine/Plugins/NNE/NNEDenoiser/Content/NNEDTOM_Output_Alpha.uasset" 658
"../../../Engine/Plugins/NNE/NNEDenoiser/Content/NNEDTOM_Output_Alpha.uexp" 659
"../../../Engine/Plugins/NNE/NNEDenoiser/Content/NNEDTOM_Output_Default.uasset" 660
"../../../Engine/Plugins/NNE/NNEDenoiser/Content/NNEDTOM_Output_Default.uexp" 661
"../../../Engine/Plugins/NNE/NNEDenoiser/Content/NNEDT_Oidn2-3_Balanced.uasset" 662
"../../../Engine/Plugins/NNE/NNEDenoiser/Content/NNEDT_Oidn2-3_Balanced.uexp" 663
"../../../Engine/Plugins/NNE/NNEDenoiser/Content/NNEDT_Oidn2-3_Balanced_Alpha.uasset" 664
"../../../Engine/Plugins/NNE/NNEDenoiser/Content/NNEDT_Oidn2-3_Balanced_Alpha.uexp" 665
"../../../Engine/Plugins/NNE/NNEDenoiser/Content/NNED_Oidn2-3_Balanced.uasset" 666
"../../../Engine/Plugins/NNE/NNEDenoiser/Content/NNED_Oidn2-3_Balanced.uexp" 667
"../../../Engine/Plugins/NNE/NNEDenoiser/Content/NNED_Oidn2-3_Balanced_Alpha.uasset" 668
"../../../Engine/Plugins/NNE/NNEDenoiser/Content/NNED_Oidn2-3_Balanced_Alpha.uexp" 669
"../../../Engine/Plugins/NNE/NNEDenoiser/Content/NNED_Oidn2-3_Fast.uasset" 670
"../../../Engine/Plugins/NNE/NNEDenoiser/Content/NNED_Oidn2-3_Fast.uexp" 671
"../../../Engine/Plugins/NNE/NNEDenoiser/Content/NNED_Oidn2-3_Fast_Alpha.uasset" 672
"../../../Engine/Plugins/NNE/NNEDenoiser/Content/NNED_Oidn2-3_Fast_Alpha.uexp" 673
"../../../Engine/Plugins/NNE/NNEDenoiser/Content/NNED_Oidn2-3_HighQuality.uasset" 674
"../../../Engine/Plugins/NNE/NNEDenoiser/Content/NNED_Oidn2-3_HighQuality.uexp" 675
"../../../Engine/Plugins/NNE/NNEDenoiser/Content/NNED_Oidn2-3_HighQuality_Alpha.uasset" 676
"../../../Engine/Plugins/NNE/NNEDenoiser/Content/NNED_Oidn2-3_HighQuality_Alpha.uexp" 677
"../../../Engine/Plugins/NNE/NNEDenoiser/Content/NNE_oidn2-3-0_rt_hdr_alb_nrm_small__dyn__fp16_opset11_DenoiseAlpha.uasset" 678
"../../../Engine/Plugins/NNE/NNEDenoiser/Content/NNE_oidn2-3-0_rt_hdr_alb_nrm_small__dyn__fp16_opset11_DenoiseAlpha.uexp" 679
"../../../Engine/Plugins/NNE/NNEDenoiser/Content/NNE_oidn2-3-0_rt_hdr_alb_nrm_small__dyn__fp16_opset11_ForwardAlpha.uasset" 680
"../../../Engine/Plugins/NNE/NNEDenoiser/Content/NNE_oidn2-3-0_rt_hdr_alb_nrm_small__dyn__fp16_opset11_ForwardAlpha.uexp" 681
"../../../Engine/Plugins/NNE/NNEDenoiser/Content/NNE_oidn2-3-0_rt_hdr_alb_nrm__dyn__fp16_opset11_DenoiseAlpha.uasset" 682
"../../../Engine/Plugins/NNE/NNEDenoiser/Content/NNE_oidn2-3-0_rt_hdr_alb_nrm__dyn__fp16_opset11_DenoiseAlpha.uexp" 683
"../../../Engine/Plugins/NNE/NNEDenoiser/Content/NNE_oidn2-3-0_rt_hdr_alb_nrm__dyn__fp16_opset11_ForwardAlpha.uasset" 684
"../../../Engine/Plugins/NNE/NNEDenoiser/Content/NNE_oidn2-3-0_rt_hdr_alb_nrm__dyn__fp16_opset11_ForwardAlpha.uexp" 685
"../../../Engine/Plugins/NNE/NNEDenoiser/Content/NNE_oidn2-3-0_rt_hdr_calb_cnrm_large__dyn__fp16_opset11_DenoiseAlpha.uasset" 686
"../../../Engine/Plugins/NNE/NNEDenoiser/Content/NNE_oidn2-3-0_rt_hdr_calb_cnrm_large__dyn__fp16_opset11_DenoiseAlpha.uexp" 687
"../../../Engine/Plugins/NNE/NNEDenoiser/Content/NNE_oidn2-3-0_rt_hdr_calb_cnrm_large__dyn__fp16_opset11_ForwardAlpha.uasset" 688
"../../../Engine/Plugins/NNE/NNEDenoiser/Content/NNE_oidn2-3-0_rt_hdr_calb_cnrm_large__dyn__fp16_opset11_ForwardAlpha.uexp" 689
"../../../Engine/Content/BasicShapes/BasicShapeMaterial.uasset" 690
"../../../Engine/Content/BasicShapes/BasicShapeMaterial.uexp" 691
"../../../Engine/Content/EngineMaterials/EnergyConservation/Diffuse_Energy.uasset" 692
"../../../Engine/Content/EngineMaterials/EnergyConservation/Diffuse_Energy.uexp" 693
"../../../Engine/Content/EngineMaterials/DefaultMaterial.uasset" 694
"../../../Engine/Content/EngineMaterials/DefaultMaterial.uexp" 695
"../../../Engine/Content/BasicShapes/Cone.ubulk" 696
"../../../Engine/Content/BasicShapes/Cone.uasset" 697
"../../../Engine/Content/BasicShapes/Cone.uexp" 698
"../../../Engine/Content/EngineMaterials/EnergyConservation/GGX_ReflectionEnergy.uasset" 699
"../../../Engine/Content/EngineMaterials/EnergyConservation/GGX_ReflectionEnergy.uexp" 700
"../../../Engine/Content/BasicShapes/Cube.ubulk" 701
"../../../Engine/Content/BasicShapes/Cube.uasset" 702
"../../../Engine/Content/BasicShapes/Cube.uexp" 703
"../../../Engine/Content/BasicShapes/Cylinder.ubulk" 704
"../../../Engine/Content/BasicShapes/Cylinder.uasset" 705
"../../../Engine/Content/BasicShapes/Cylinder.uexp" 706
"../../../Engine/Content/EngineMaterials/EnergyConservation/GGX_TransmissionEnergyArray.uasset" 707
"../../../Engine/Content/EngineMaterials/EnergyConservation/GGX_TransmissionEnergyArray.uexp" 708
"../../../Engine/Plugins/Runtime/HairStrands/Content/Materials/HairCardsDefaultMaterial.uasset" 709
"../../../Engine/Plugins/Runtime/HairStrands/Content/Materials/HairCardsDefaultMaterial.uexp" 710
"../../../Engine/Content/EditorMaterials/ParticleSystems/PSysThumbnail_NoImage.ubulk" 711
"../../../Engine/Content/EditorMaterials/ParticleSystems/PSysThumbnail_NoImage.uasset" 712
"../../../Engine/Content/EditorMaterials/ParticleSystems/PSysThumbnail_NoImage.uexp" 713
"../../../Engine/Content/EngineMaterials/EnergyConservation/SheenLegacy_Energy.uasset" 714
"../../../Engine/Content/EngineMaterials/EnergyConservation/SheenLegacy_Energy.uexp" 715
"../../../Engine/Content/BasicShapes/Plane.ubulk" 716
"../../../Engine/Content/BasicShapes/Plane.uasset" 717
"../../../Engine/Content/BasicShapes/Plane.uexp" 718
"../../../Engine/Content/Functions/Engine_MaterialFunctions02/Utility/MakeFloat2.uasset" 719
"../../../Engine/Content/Functions/Engine_MaterialFunctions02/Utility/MakeFloat2.uexp" 720
"../../../Engine/Content/EngineMaterials/HairColorMap.uasset" 721
"../../../Engine/Content/EngineMaterials/HairColorMap.uexp" 722
"../../../Engine/Content/EngineMaterials/HairDebugColor.uasset" 723
"../../../Engine/Content/EngineMaterials/HairDebugColor.uexp" 724
"../../../Engine/Plugins/Runtime/HairStrands/Content/Materials/HairGroupColors.uasset" 725
"../../../Engine/Plugins/Runtime/HairStrands/Content/Materials/HairGroupColors.uexp" 726
"../../../Engine/Plugins/Runtime/HairStrands/Content/Materials/HairDebugMaterial.uasset" 727
"../../../Engine/Plugins/Runtime/HairStrands/Content/Materials/HairDebugMaterial.uexp" 728
"../../../Engine/Content/EditorMaterials/ParticleSystems/PSysThumbnail_OOD.ubulk" 729
"../../../Engine/Content/EditorMaterials/ParticleSystems/PSysThumbnail_OOD.uasset" 730
"../../../Engine/Content/EditorMaterials/ParticleSystems/PSysThumbnail_OOD.uexp" 731
"../../../Engine/Plugins/Runtime/HairStrands/Content/Materials/HairDefaultMaterial.uasset" 732
"../../../Engine/Plugins/Runtime/HairStrands/Content/Materials/HairDefaultMaterial.uexp" 733
"../../../Engine/Content/EngineMaterials/EnergyConservation/Sheen_Energy.uasset" 734
"../../../Engine/Content/EngineMaterials/EnergyConservation/Sheen_Energy.uexp" 735
"../../../Engine/Content/BasicShapes/Sphere.ubulk" 736
"../../../Engine/Content/BasicShapes/Sphere.uasset" 737
"../../../Engine/Content/BasicShapes/Sphere.uexp" 738
"../../../Engine/Content/EngineMaterials/LTC/GGX_LTCAmp.uasset" 739
"../../../Engine/Content/EngineMaterials/LTC/GGX_LTCAmp.uexp" 740
"../../../Engine/Plugins/Runtime/HairStrands/Content/Materials/HairMeshesDefaultMaterial.uasset" 741
"../../../Engine/Plugins/Runtime/HairStrands/Content/Materials/HairMeshesDefaultMaterial.uexp" 742
"../../../Engine/Content/EngineMaterials/LTC/GGX_LTCMat.uasset" 743
"../../../Engine/Content/EngineMaterials/LTC/GGX_LTCMat.uexp" 744
"../../../Engine/Content/EngineMaterials/LTC/Sheen_LTC.uasset" 745
"../../../Engine/Content/EngineMaterials/LTC/Sheen_LTC.uexp" 746
"../../../Engine/Content/EditorMaterials/Camera/CineMat.uasset" 747
"../../../Engine/Content/EditorMaterials/Camera/CineMat.uexp" 748
"../../../Engine/Content/EditorMaterials/Camera/MI_CineMat_Rig.uasset" 749
"../../../Engine/Content/EditorMaterials/Camera/MI_CineMat_Rig.uexp" 750
"../../../Engine/Content/EditorMeshes/Camera/SM_CraneRig_Arm.ubulk" 751
"../../../Engine/Content/EditorMeshes/Camera/SM_CraneRig_Arm.uasset" 752
"../../../Engine/Content/EditorMeshes/Camera/SM_CraneRig_Arm.uexp" 753
"../../../Engine/Content/EngineResources/Development/ZenLogo_64.uasset" 754
"../../../Engine/Content/EngineResources/Development/ZenLogo_64.uexp" 755
"../../../Engine/Content/EditorMeshes/Camera/SM_CraneRig_Base.ubulk" 756
"../../../Engine/Content/EditorMeshes/Camera/SM_CraneRig_Base.uasset" 757
"../../../Engine/Content/EditorMeshes/Camera/SM_CraneRig_Base.uexp" 758
"../../../Engine/Content/EditorMeshes/Camera/SM_CraneRig_Body.ubulk" 759
"../../../Engine/Content/EditorMeshes/Camera/SM_CraneRig_Body.uasset" 760
"../../../Engine/Content/EditorMeshes/Camera/SM_CraneRig_Body.uexp" 761
"../../../Engine/Content/EngineResources/FilmGrains/Marcie_Grain_v3_128_M2_000.uasset" 762
"../../../Engine/Content/EngineResources/FilmGrains/Marcie_Grain_v3_128_M2_000.uexp" 763
"../../../Engine/Content/EditorMeshes/Camera/SM_CraneRig_Mount.ubulk" 764
"../../../Engine/Content/EditorMeshes/Camera/SM_CraneRig_Mount.uasset" 765
"../../../Engine/Content/EditorMeshes/Camera/SM_CraneRig_Mount.uexp" 766
"../../../Engine/Content/EditorMeshes/Camera/SM_RailRig_Mount.ubulk" 767
"../../../Engine/Content/EditorMeshes/Camera/SM_RailRig_Mount.uasset" 768
"../../../Engine/Content/EditorMeshes/Camera/SM_RailRig_Mount.uexp" 769
"../../../Engine/Content/EditorMeshes/Camera/SM_RailRig_Track.ubulk" 770
"../../../Engine/Content/EditorMeshes/Camera/SM_RailRig_Track.uasset" 771
"../../../Engine/Content/EditorMeshes/Camera/SM_RailRig_Track.uexp" 772
"../../../Engine/Content/EditorResources/SequenceRecorder/Countdown.uasset" 773
"../../../Engine/Content/EditorResources/SequenceRecorder/Countdown.uexp" 774
"../../../Engine/Content/EditorResources/SequenceRecorder/RecordingIndicator.uasset" 775
"../../../Engine/Content/EditorResources/SequenceRecorder/RecordingIndicator.uexp" 776
"../../../Engine/Content/VREditor/TransformGizmo/BoundingBoxCorner.ubulk" 777
"../../../Engine/Content/VREditor/TransformGizmo/BoundingBoxCorner.uasset" 778
"../../../Engine/Content/VREditor/TransformGizmo/BoundingBoxCorner.uexp" 779
"../../../Engine/Content/VREditor/TransformGizmo/BoundingBoxEdge.ubulk" 780
"../../../Engine/Content/VREditor/TransformGizmo/BoundingBoxEdge.uasset" 781
"../../../Engine/Content/VREditor/TransformGizmo/BoundingBoxEdge.uexp" 782
"../../../Engine/Content/Functions/Engine_MaterialFunctions01/Texturing/FlattenNormal.uasset" 783
"../../../Engine/Content/Functions/Engine_MaterialFunctions01/Texturing/FlattenNormal.uexp" 784
"../../../Engine/Plugins/Interchange/Assets/Content/Utilities/New_LUT.uasset" 785
"../../../Engine/Plugins/Interchange/Assets/Content/Utilities/New_LUT.uexp" 786
"../../../Engine/Content/Functions/Engine_MaterialFunctions03/Math/RemapValueRange.uasset" 787
"../../../Engine/Content/Functions/Engine_MaterialFunctions03/Math/RemapValueRange.uexp" 788
"../../../Engine/Plugins/Interchange/Assets/Content/Functions/MF_Iridescence.uasset" 789
"../../../Engine/Plugins/Interchange/Assets/Content/Functions/MF_Iridescence.uexp" 790
"../../../Engine/Plugins/Interchange/Assets/Content/gltf/Textures/T_White_srgb.uasset" 791
"../../../Engine/Plugins/Interchange/Assets/Content/gltf/Textures/T_White_srgb.uexp" 792
"../../../Engine/Plugins/Interchange/Assets/Content/gltf/MaterialFunctions/MF_BaseColor.uasset" 793
"../../../Engine/Plugins/Interchange/Assets/Content/gltf/MaterialFunctions/MF_BaseColor.uexp" 794
"../../../Engine/Plugins/Interchange/Assets/Content/gltf/MaterialFunctions/MF_RotateNormals_TS.uasset" 795
"../../../Engine/Plugins/Interchange/Assets/Content/gltf/MaterialFunctions/MF_RotateNormals_TS.uexp" 796
"../../../Engine/Plugins/Interchange/Assets/Content/gltf/Textures/T_Generic_N.uasset" 797
"../../../Engine/Plugins/Interchange/Assets/Content/gltf/Textures/T_Generic_N.uexp" 798
"../../../Engine/Plugins/Interchange/Assets/Content/gltf/Textures/T_White_Linear.uasset" 799
"../../../Engine/Plugins/Interchange/Assets/Content/gltf/Textures/T_White_Linear.uexp" 800
"../../../Engine/Plugins/Interchange/Assets/Content/gltf/MaterialFunctions/MF_Clearcoat.uasset" 801
"../../../Engine/Plugins/Interchange/Assets/Content/gltf/MaterialFunctions/MF_Clearcoat.uexp" 802
"../../../Engine/Plugins/Interchange/Assets/Content/gltf/MaterialFunctions/MF_Emissive.uasset" 803
"../../../Engine/Plugins/Interchange/Assets/Content/gltf/MaterialFunctions/MF_Emissive.uexp" 804
"../../../Engine/Plugins/Interchange/Assets/Content/gltf/MaterialFunctions/MF_IOR.uasset" 805
"../../../Engine/Plugins/Interchange/Assets/Content/gltf/MaterialFunctions/MF_IOR.uexp" 806
"../../../Engine/Plugins/Interchange/Assets/Content/gltf/MaterialFunctions/MF_Iridescence.uasset" 807
"../../../Engine/Plugins/Interchange/Assets/Content/gltf/MaterialFunctions/MF_Iridescence.uexp" 808
"../../../Engine/Plugins/Interchange/Assets/Content/gltf/MaterialFunctions/MF_MetallicRoughness.uasset" 809
"../../../Engine/Plugins/Interchange/Assets/Content/gltf/MaterialFunctions/MF_MetallicRoughness.uexp" 810
"../../../Engine/Plugins/Interchange/Assets/Content/gltf/MaterialFunctions/MF_ScaleNormal.uasset" 811
"../../../Engine/Plugins/Interchange/Assets/Content/gltf/MaterialFunctions/MF_ScaleNormal.uexp" 812
"../../../Engine/Plugins/Interchange/Assets/Content/gltf/MaterialFunctions/MF_Normals.uasset" 813
"../../../Engine/Plugins/Interchange/Assets/Content/gltf/MaterialFunctions/MF_Normals.uexp" 814
"../../../Engine/Plugins/Interchange/Assets/Content/gltf/MaterialFunctions/MF_Occlusion.uasset" 815
"../../../Engine/Plugins/Interchange/Assets/Content/gltf/MaterialFunctions/MF_Occlusion.uexp" 816
"../../../Engine/Plugins/Interchange/Assets/Content/gltf/MaterialFunctions/MF_Specular.uasset" 817
"../../../Engine/Plugins/Interchange/Assets/Content/gltf/MaterialFunctions/MF_Specular.uexp" 818
"../../../Engine/Plugins/Interchange/Assets/Content/gltf/Textures/T_Anisotropy_Direction_Linear.uasset" 819
"../../../Engine/Plugins/Interchange/Assets/Content/gltf/Textures/T_Anisotropy_Direction_Linear.uexp" 820
"../../../Engine/Plugins/Interchange/Assets/Content/gltf/MaterialFunctions/MF_SpecularAnisotropy.uasset" 821
"../../../Engine/Plugins/Interchange/Assets/Content/gltf/MaterialFunctions/MF_SpecularAnisotropy.uexp" 822
"../../../Engine/Plugins/Interchange/Assets/Content/gltf/MaterialFunctions/MF_RotateV2.uasset" 823
"../../../Engine/Plugins/Interchange/Assets/Content/gltf/MaterialFunctions/MF_RotateV2.uexp" 824
"../../../Engine/Plugins/Interchange/Assets/Content/gltf/MaterialFunctions/MF_TransformUVs.uasset" 825
"../../../Engine/Plugins/Interchange/Assets/Content/gltf/MaterialFunctions/MF_TransformUVs.uexp" 826
"../../../Engine/Plugins/Interchange/Assets/Content/gltf/MaterialBodies/MF_ClearCoat_Body.uasset" 827
"../../../Engine/Plugins/Interchange/Assets/Content/gltf/MaterialBodies/MF_ClearCoat_Body.uexp" 828
"../../../Engine/Plugins/Interchange/Assets/Content/gltf/M_ClearCoat.uasset" 829
"../../../Engine/Plugins/Interchange/Assets/Content/gltf/M_ClearCoat.uexp" 830
"../../../Engine/Plugins/Interchange/Assets/Content/gltf/MaterialInstances/MI_ClearCoat_Blend.uasset" 831
"../../../Engine/Plugins/Interchange/Assets/Content/gltf/MaterialInstances/MI_ClearCoat_Blend.uexp" 832
"../../../Engine/Plugins/Interchange/Assets/Content/gltf/MaterialInstances/MI_ClearCoat_Blend_DS.uasset" 833
"../../../Engine/Plugins/Interchange/Assets/Content/gltf/MaterialInstances/MI_ClearCoat_Blend_DS.uexp" 834
"../../../Engine/Plugins/Interchange/Assets/Content/gltf/MaterialInstances/MI_ClearCoat_Mask.uasset" 835
"../../../Engine/Plugins/Interchange/Assets/Content/gltf/MaterialInstances/MI_ClearCoat_Mask.uexp" 836
"../../../Engine/Plugins/Interchange/Assets/Content/gltf/MaterialInstances/MI_ClearCoat_Mask_DS.uasset" 837
"../../../Engine/Plugins/Interchange/Assets/Content/gltf/MaterialInstances/MI_ClearCoat_Mask_DS.uexp" 838
"../../../Engine/Plugins/Interchange/Assets/Content/gltf/MaterialInstances/MI_ClearCoat_Opaque.uasset" 839
"../../../Engine/Plugins/Interchange/Assets/Content/gltf/MaterialInstances/MI_ClearCoat_Opaque.uexp" 840
"../../../Engine/Plugins/Interchange/Assets/Content/gltf/MaterialInstances/MI_ClearCoat_Opaque_DS.uasset" 841
"../../../Engine/Plugins/Interchange/Assets/Content/gltf/MaterialInstances/MI_ClearCoat_Opaque_DS.uexp" 842
"../../../Engine/Plugins/Interchange/Assets/Content/gltf/MaterialBodies/MF_Default_Body.uasset" 843
"../../../Engine/Plugins/Interchange/Assets/Content/gltf/MaterialBodies/MF_Default_Body.uexp" 844
"../../../Engine/Plugins/Interchange/Assets/Content/gltf/M_Default.uasset" 845
"../../../Engine/Plugins/Interchange/Assets/Content/gltf/M_Default.uexp" 846
"../../../Engine/Plugins/Interchange/Assets/Content/gltf/MaterialInstances/MI_Default_Blend_DS.uasset" 847
"../../../Engine/Plugins/Interchange/Assets/Content/gltf/MaterialInstances/MI_Default_Blend_DS.uexp" 848
"../../../Engine/Plugins/Interchange/Assets/Content/gltf/MaterialInstances/MI_Default_Mask.uasset" 849
"../../../Engine/Plugins/Interchange/Assets/Content/gltf/MaterialInstances/MI_Default_Mask.uexp" 850
"../../../Engine/Plugins/Interchange/Assets/Content/gltf/MaterialInstances/MI_Default_Mask_DS.uasset" 851
"../../../Engine/Plugins/Interchange/Assets/Content/gltf/MaterialInstances/MI_Default_Mask_DS.uexp" 852
"../../../Engine/Content/ArtTools/RenderToTexture/Meshes/S_1_Unit_Plane.ubulk" 853
"../../../Engine/Content/ArtTools/RenderToTexture/Meshes/S_1_Unit_Plane.uasset" 854
"../../../Engine/Content/ArtTools/RenderToTexture/Meshes/S_1_Unit_Plane.uexp" 855
"../../../Engine/Plugins/Interchange/Assets/Content/gltf/MaterialFunctions/MF_Sheen.uasset" 856
"../../../Engine/Plugins/Interchange/Assets/Content/gltf/MaterialFunctions/MF_Sheen.uexp" 857
"../../../Engine/Plugins/Interchange/Assets/Content/gltf/MaterialBodies/MF_Sheen_Body.uasset" 858
"../../../Engine/Plugins/Interchange/Assets/Content/gltf/MaterialBodies/MF_Sheen_Body.uexp" 859
"../../../Engine/Plugins/Interchange/Assets/Content/gltf/M_Sheen.uasset" 860
"../../../Engine/Plugins/Interchange/Assets/Content/gltf/M_Sheen.uexp" 861
"../../../Engine/Plugins/Interchange/Assets/Content/gltf/MaterialInstances/MI_Sheen_Blend.uasset" 862
"../../../Engine/Plugins/Interchange/Assets/Content/gltf/MaterialInstances/MI_Sheen_Blend.uexp" 863
"../../../Engine/Plugins/Interchange/Assets/Content/gltf/MaterialInstances/MI_Sheen_Blend_DS.uasset" 864
"../../../Engine/Plugins/Interchange/Assets/Content/gltf/MaterialInstances/MI_Sheen_Blend_DS.uexp" 865
"../../../Engine/Plugins/Interchange/Assets/Content/gltf/MaterialInstances/MI_Sheen_Mask.uasset" 866
"../../../Engine/Plugins/Interchange/Assets/Content/gltf/MaterialInstances/MI_Sheen_Mask.uexp" 867
"../../../Engine/Plugins/Interchange/Assets/Content/gltf/MaterialInstances/MI_Sheen_Mask_DS.uasset" 868
"../../../Engine/Plugins/Interchange/Assets/Content/gltf/MaterialInstances/MI_Sheen_Mask_DS.uexp" 869
"../../../Engine/Plugins/Interchange/Assets/Content/gltf/MaterialInstances/MI_Sheen_Opaque.uasset" 870
"../../../Engine/Plugins/Interchange/Assets/Content/gltf/MaterialInstances/MI_Sheen_Opaque.uexp" 871
"../../../Engine/Plugins/Interchange/Assets/Content/gltf/MaterialInstances/MI_Sheen_Opaque_DS.uasset" 872
"../../../Engine/Plugins/Interchange/Assets/Content/gltf/MaterialInstances/MI_Sheen_Opaque_DS.uexp" 873
"../../../Engine/Plugins/Interchange/Assets/Content/gltf/MaterialFunctions/MF_DiffuseSpecGloss.uasset" 874
"../../../Engine/Plugins/Interchange/Assets/Content/gltf/MaterialFunctions/MF_DiffuseSpecGloss.uexp" 875
"../../../Engine/Plugins/Interchange/Assets/Content/gltf/MaterialFunctions/MF_MaxComponentValue.uasset" 876
"../../../Engine/Plugins/Interchange/Assets/Content/gltf/MaterialFunctions/MF_MaxComponentValue.uexp" 877
"../../../Engine/Content/Functions/Engine_MaterialFunctions02/Math/AddComponents.uasset" 878
"../../../Engine/Content/Functions/Engine_MaterialFunctions02/Math/AddComponents.uexp" 879
"../../../Engine/Plugins/Interchange/Assets/Content/gltf/MaterialFunctions/MF_PerceivedBrightness.uasset" 880
"../../../Engine/Plugins/Interchange/Assets/Content/gltf/MaterialFunctions/MF_PerceivedBrightness.uexp" 881
"../../../Engine/Plugins/Interchange/Assets/Content/gltf/MaterialFunctions/MF_SpecGlossToMetalRoughness.uasset" 882
"../../../Engine/Plugins/Interchange/Assets/Content/gltf/MaterialFunctions/MF_SpecGlossToMetalRoughness.uexp" 883
"../../../Engine/Plugins/Interchange/Assets/Content/gltf/MaterialBodies/MF_SpecularGlossiness_Body.uasset" 884
"../../../Engine/Plugins/Interchange/Assets/Content/gltf/MaterialBodies/MF_SpecularGlossiness_Body.uexp" 885
"../../../Engine/Plugins/Interchange/Assets/Content/gltf/M_SpecularGlossiness.uasset" 886
"../../../Engine/Plugins/Interchange/Assets/Content/gltf/M_SpecularGlossiness.uexp" 887
"../../../Engine/Plugins/Interchange/Assets/Content/gltf/MaterialInstances/MI_SpecularGlossiness_Blend.uasset" 888
"../../../Engine/Plugins/Interchange/Assets/Content/gltf/MaterialInstances/MI_SpecularGlossiness_Blend.uexp" 889
"../../../Engine/Plugins/Interchange/Assets/Content/gltf/MaterialInstances/MI_SpecularGlossiness_Blend_DS.uasset" 890
"../../../Engine/Plugins/Interchange/Assets/Content/gltf/MaterialInstances/MI_SpecularGlossiness_Blend_DS.uexp" 891
"../../../Engine/Plugins/Interchange/Assets/Content/gltf/MaterialInstances/MI_SpecularGlossiness_Mask.uasset" 892
"../../../Engine/Plugins/Interchange/Assets/Content/gltf/MaterialInstances/MI_SpecularGlossiness_Mask.uexp" 893
"../../../Engine/Plugins/Interchange/Assets/Content/gltf/MaterialInstances/MI_SpecularGlossiness_Mask_DS.uasset" 894
"../../../Engine/Plugins/Interchange/Assets/Content/gltf/MaterialInstances/MI_SpecularGlossiness_Mask_DS.uexp" 895
"../../../Engine/Plugins/Interchange/Assets/Content/gltf/MaterialInstances/MI_SpecularGlossiness_Opaque.uasset" 896
"../../../Engine/Plugins/Interchange/Assets/Content/gltf/MaterialInstances/MI_SpecularGlossiness_Opaque.uexp" 897
"../../../Engine/Plugins/Interchange/Assets/Content/gltf/MaterialInstances/MI_SpecularGlossiness_Opaque_DS.uasset" 898
"../../../Engine/Plugins/Interchange/Assets/Content/gltf/MaterialInstances/MI_SpecularGlossiness_Opaque_DS.uexp" 899
"../../../Engine/Content/EngineMaterials/Good64x64TilingNoiseHighFreq.uasset" 900
"../../../Engine/Content/EngineMaterials/Good64x64TilingNoiseHighFreq.uexp" 901
"../../../Engine/Content/Functions/Engine_MaterialFunctions02/Texturing/ScreenAlignedPixelToPixelUVs.uasset" 902
"../../../Engine/Content/Functions/Engine_MaterialFunctions02/Texturing/ScreenAlignedPixelToPixelUVs.uexp" 903
"../../../Engine/Plugins/Interchange/Assets/Content/gltf/MaterialFunctions/MF_Fresnel_DS.uasset" 904
"../../../Engine/Plugins/Interchange/Assets/Content/gltf/MaterialFunctions/MF_Fresnel_DS.uexp" 905
"../../../Engine/Plugins/Interchange/Assets/Content/gltf/MaterialFunctions/MF_Temporal_Blur.uasset" 906
"../../../Engine/Plugins/Interchange/Assets/Content/gltf/MaterialFunctions/MF_Temporal_Blur.uexp" 907
"../../../Engine/Plugins/Interchange/Assets/Content/gltf/MaterialFunctions/MF_Transmission.uasset" 908
"../../../Engine/Plugins/Interchange/Assets/Content/gltf/MaterialFunctions/MF_Transmission.uexp" 909
"../../../Engine/Plugins/Interchange/Assets/Content/gltf/MaterialBodies/MF_Transmission_Body.uasset" 910
"../../../Engine/Plugins/Interchange/Assets/Content/gltf/MaterialBodies/MF_Transmission_Body.uexp" 911
"../../../Engine/Plugins/Interchange/Assets/Content/gltf/M_Transmission.uasset" 912
"../../../Engine/Plugins/Interchange/Assets/Content/gltf/M_Transmission.uexp" 913
"../../../Engine/Plugins/Interchange/Assets/Content/gltf/MaterialInstances/MI_Transmission.uasset" 914
"../../../Engine/Plugins/Interchange/Assets/Content/gltf/MaterialInstances/MI_Transmission.uexp" 915
"../../../Engine/Plugins/Interchange/Assets/Content/gltf/MaterialInstances/MI_Transmission_DS.uasset" 916
"../../../Engine/Plugins/Interchange/Assets/Content/gltf/MaterialInstances/MI_Transmission_DS.uexp" 917
"../../../Engine/Plugins/Interchange/Assets/Content/gltf/MaterialBodies/MF_Unlit_Body.uasset" 918
"../../../Engine/Plugins/Interchange/Assets/Content/gltf/MaterialBodies/MF_Unlit_Body.uexp" 919
"../../../Engine/Plugins/Interchange/Assets/Content/gltf/M_Unlit.uasset" 920
"../../../Engine/Plugins/Interchange/Assets/Content/gltf/M_Unlit.uexp" 921
"../../../Engine/Plugins/Interchange/Assets/Content/gltf/MaterialInstances/MI_Unlit_Blend.uasset" 922
"../../../Engine/Plugins/Interchange/Assets/Content/gltf/MaterialInstances/MI_Unlit_Blend.uexp" 923
"../../../Engine/Plugins/Interchange/Assets/Content/gltf/MaterialInstances/MI_Unlit_Blend_DS.uasset" 924
"../../../Engine/Plugins/Interchange/Assets/Content/gltf/MaterialInstances/MI_Unlit_Blend_DS.uexp" 925
"../../../Engine/Plugins/Interchange/Assets/Content/gltf/MaterialInstances/MI_Unlit_Mask.uasset" 926
"../../../Engine/Plugins/Interchange/Assets/Content/gltf/MaterialInstances/MI_Unlit_Mask.uexp" 927
"../../../Engine/Plugins/Interchange/Assets/Content/gltf/MaterialInstances/MI_Unlit_Mask_DS.uasset" 928
"../../../Engine/Plugins/Interchange/Assets/Content/gltf/MaterialInstances/MI_Unlit_Mask_DS.uexp" 929
"../../../Engine/Plugins/Interchange/Assets/Content/gltf/MaterialInstances/MI_Unlit_Opaque.uasset" 930
"../../../Engine/Plugins/Interchange/Assets/Content/gltf/MaterialInstances/MI_Unlit_Opaque.uexp" 931
"../../../Engine/Plugins/Interchange/Assets/Content/gltf/MaterialInstances/MI_Unlit_Opaque_DS.uasset" 932
"../../../Engine/Plugins/Interchange/Assets/Content/gltf/MaterialInstances/MI_Unlit_Opaque_DS.uexp" 933
"../../../Engine/Content/EngineMaterials/Substrate/GLints/AGlintTex2dArray.uasset" 934
"../../../Engine/Content/EngineMaterials/Substrate/GLints/AGlintTex2dArray.uexp" 935
"../../../Engine/Content/EngineMaterials/Substrate/Glints2/AGlintTex2dArray2.uasset" 936
"../../../Engine/Content/EngineMaterials/Substrate/Glints2/AGlintTex2dArray2.uexp" 937
"../../../Engine/Content/EngineMaterials/Substrate/Volume/SubstrateSimpleVolumeEnvLUT3D.uasset" 938
"../../../Engine/Content/EngineMaterials/Substrate/Volume/SubstrateSimpleVolumeEnvLUT3D.uexp" 939
"../../../Engine/Content/EngineMaterials/Substrate/Volume/SubstrateSimpleVolumeLUT3D.uasset" 940
"../../../Engine/Content/EngineMaterials/Substrate/Volume/SubstrateSimpleVolumeLUT3D.uexp" 941
"../../../Engine/Content/Functions/Engine_MaterialFunctions01/Shading/PowerToRoughness.uasset" 942
"../../../Engine/Content/Functions/Engine_MaterialFunctions01/Shading/PowerToRoughness.uexp" 943
"../../../Engine/Content/Maps/Entry_BuiltData.uasset" 944
"../../../Engine/Content/Maps/Entry_BuiltData.uexp" 945
"../../../Engine/Content/Maps/Entry.uexp" 946
"../../../Engine/Content/Maps/Entry.umap" 947
"../../../Engine/Content/EngineSky/T_Sky_Blue.ubulk" 948
"../../../Engine/Content/EngineSky/T_Sky_Blue.uasset" 949
"../../../Engine/Content/EngineSky/T_Sky_Blue.uexp" 950
"../../../Engine/Content/EngineSky/T_Sky_Clouds_M.ubulk" 951
"../../../Engine/Content/EngineSky/T_Sky_Clouds_M.uasset" 952
"../../../Engine/Content/EngineSky/T_Sky_Clouds_M.uexp" 953
"../../../Engine/Content/EngineSky/T_Sky_Stars.ubulk" 954
"../../../Engine/Content/EngineSky/T_Sky_Stars.uasset" 955
"../../../Engine/Content/EngineSky/T_Sky_Stars.uexp" 956
"../../../Engine/Content/EngineSky/M_Sky_Panning_Clouds2.uasset" 957
"../../../Engine/Content/EngineSky/M_Sky_Panning_Clouds2.uexp" 958
"../../../Engine/Content/EngineSky/SM_SkySphere.ubulk" 959
"../../../Engine/Content/EngineSky/SM_SkySphere.uasset" 960
"../../../Engine/Content/EngineSky/SM_SkySphere.uexp" 961
"../../../Engine/Content/EngineSky/M_SimpleSkyDome.uasset" 962
"../../../Engine/Content/EngineSky/M_SimpleSkyDome.uexp" 963
"../../../Engine/Content/MapTemplates/SM_Template_Map_Floor.ubulk" 964
"../../../Engine/Content/MapTemplates/SM_Template_Map_Floor.uasset" 965
"../../../Engine/Content/MapTemplates/SM_Template_Map_Floor.uexp" 966
"../../../Engine/Content/Functions/Engine_MaterialFunctions02/Utility/BreakOutFloat4Components.uasset" 967
"../../../Engine/Content/Functions/Engine_MaterialFunctions02/Utility/BreakOutFloat4Components.uexp" 968
"../../../Engine/Content/Functions/Engine_MaterialFunctions02/Utility/MakeFloat4.uasset" 969
"../../../Engine/Content/Functions/Engine_MaterialFunctions02/Utility/MakeFloat4.uexp" 970
"../../../Engine/Content/EngineResources/DefaultVolumeTexture2D.uasset" 971
"../../../Engine/Content/EngineResources/DefaultVolumeTexture2D.uexp" 972
"../../../Engine/Content/EngineResources/DefaultVolumeTexture.uasset" 973
"../../../Engine/Content/EngineResources/DefaultVolumeTexture.uexp" 974
"../../../Engine/Content/EngineSky/VolumetricClouds/VT_Lightning.uasset" 975
"../../../Engine/Content/EngineSky/VolumetricClouds/VT_Lightning.uexp" 976
"../../../Engine/Content/Functions/Engine_MaterialFunctions01/Units/Km-to-Cm.uasset" 977
"../../../Engine/Content/Functions/Engine_MaterialFunctions01/Units/Km-to-Cm.uexp" 978
"../../../Engine/Content/EngineSky/VolumetricClouds/m_SimpleVolumetricCloud.uasset" 979
"../../../Engine/Content/EngineSky/VolumetricClouds/m_SimpleVolumetricCloud.uexp" 980
"../../../Engine/Content/EngineSky/VolumetricClouds/T_CloudMask.ubulk" 981
"../../../Engine/Content/EngineSky/VolumetricClouds/T_CloudMask.uasset" 982
"../../../Engine/Content/EngineSky/VolumetricClouds/T_CloudMask.uexp" 983
"../../../Engine/Content/EngineSky/VolumetricClouds/T_CloudPattern.ubulk" 984
"../../../Engine/Content/EngineSky/VolumetricClouds/T_CloudPattern.uasset" 985
"../../../Engine/Content/EngineSky/VolumetricClouds/T_CloudPattern.uexp" 986
"../../../Engine/Content/EngineSky/VolumetricClouds/T_Profile_08.ubulk" 987
"../../../Engine/Content/EngineSky/VolumetricClouds/T_Profile_08.uasset" 988
"../../../Engine/Content/EngineSky/VolumetricClouds/T_Profile_08.uexp" 989
"../../../Engine/Content/EngineSky/VolumetricClouds/VT_PerlinWorley_Balanced.uasset" 990
"../../../Engine/Content/EngineSky/VolumetricClouds/VT_PerlinWorley_Balanced.uexp" 991
"../../../Engine/Content/EngineSky/VolumetricClouds/m_SimpleVolumetricCloud_Inst.uasset" 992
"../../../Engine/Content/EngineSky/VolumetricClouds/m_SimpleVolumetricCloud_Inst.uexp" 993
"../../../Engine/Plugins/Interchange/Assets/Content/gltf/MaterialInstances/MI_Default_Opaque_DS.uasset" 994
"../../../Engine/Plugins/Interchange/Assets/Content/gltf/MaterialInstances/MI_Default_Opaque_DS.uexp" 995
"D:/Game Project/Assembly/Content/Mesh/52da52f882e242aba646980e9757ef9f/Materials/mattress.uasset" 996
"D:/Game Project/Assembly/Content/Mesh/52da52f882e242aba646980e9757ef9f/Materials/mattress.uexp" 997
"D:/Game Project/Assembly/Content/Mesh/52da52f882e242aba646980e9757ef9f/Materials/sheet.uasset" 998
"D:/Game Project/Assembly/Content/Mesh/52da52f882e242aba646980e9757ef9f/Materials/sheet.uexp" 999
"D:/Game Project/Assembly/Content/Mesh/52da52f882e242aba646980e9757ef9f/Materials/wood.uasset" 1000
"D:/Game Project/Assembly/Content/Mesh/52da52f882e242aba646980e9757ef9f/Materials/wood.uexp" 1001
"D:/Game Project/Assembly/Content/Mesh/SM_Bed.ubulk" 1002
"D:/Game Project/Assembly/Content/Mesh/SM_Bed.uasset" 1003
"D:/Game Project/Assembly/Content/Mesh/SM_Bed.uexp" 1004
"../../../Engine/Plugins/Interchange/Assets/Content/gltf/MaterialInstances/MI_Default_Opaque.uasset" 1005
"../../../Engine/Plugins/Interchange/Assets/Content/gltf/MaterialInstances/MI_Default_Opaque.uexp" 1006
"D:/Game Project/Assembly/Content/Mesh/toilet/Textures/toilet_texture_0.ubulk" 1007
"D:/Game Project/Assembly/Content/Mesh/toilet/Textures/toilet_texture_0.uasset" 1008
"D:/Game Project/Assembly/Content/Mesh/toilet/Textures/toilet_texture_0.uexp" 1009
"D:/Game Project/Assembly/Content/Mesh/toilet/Textures/toilet_texture_1.ubulk" 1010
"D:/Game Project/Assembly/Content/Mesh/toilet/Textures/toilet_texture_1.uasset" 1011
"D:/Game Project/Assembly/Content/Mesh/toilet/Textures/toilet_texture_1.uexp" 1012
"D:/Game Project/Assembly/Content/Mesh/toilet/Textures/toilet_texture_2.ubulk" 1013
"D:/Game Project/Assembly/Content/Mesh/toilet/Textures/toilet_texture_2.uasset" 1014
"D:/Game Project/Assembly/Content/Mesh/toilet/Textures/toilet_texture_2.uexp" 1015
"D:/Game Project/Assembly/Content/Mesh/toilet/Materials/Toilet.uasset" 1016
"D:/Game Project/Assembly/Content/Mesh/toilet/Materials/Toilet.uexp" 1017
"D:/Game Project/Assembly/Content/Mesh/SM_Toilet.ubulk" 1018
"D:/Game Project/Assembly/Content/Mesh/SM_Toilet.uasset" 1019
"D:/Game Project/Assembly/Content/Mesh/SM_Toilet.uexp" 1020
"D:/Game Project/Assembly/Content/Mesh/dining_table/Textures/dining_table_texture_0.ubulk" 1021
"D:/Game Project/Assembly/Content/Mesh/dining_table/Textures/dining_table_texture_0.uasset" 1022
"D:/Game Project/Assembly/Content/Mesh/dining_table/Textures/dining_table_texture_0.uexp" 1023
"D:/Game Project/Assembly/Content/Mesh/dining_table/Textures/dining_table_texture_1.ubulk" 1024
"D:/Game Project/Assembly/Content/Mesh/dining_table/Textures/dining_table_texture_1.uasset" 1025
"D:/Game Project/Assembly/Content/Mesh/dining_table/Textures/dining_table_texture_1.uexp" 1026
"D:/Game Project/Assembly/Content/Mesh/dining_table/Textures/dining_table_texture_2.ubulk" 1027
"D:/Game Project/Assembly/Content/Mesh/dining_table/Textures/dining_table_texture_2.uasset" 1028
"D:/Game Project/Assembly/Content/Mesh/dining_table/Textures/dining_table_texture_2.uexp" 1029
"D:/Game Project/Assembly/Content/Mesh/dining_table/Materials/Material_001.uasset" 1030
"D:/Game Project/Assembly/Content/Mesh/dining_table/Materials/Material_001.uexp" 1031
"D:/Game Project/Assembly/Content/Mesh/SM_dining_table.ubulk" 1032
"D:/Game Project/Assembly/Content/Mesh/SM_dining_table.uasset" 1033
"D:/Game Project/Assembly/Content/Mesh/SM_dining_table.uexp" 1034
"D:/Game Project/Assembly/Content/Mesh/sofa/Textures/sofa_texture_0.ubulk" 1035
"D:/Game Project/Assembly/Content/Mesh/sofa/Textures/sofa_texture_0.uasset" 1036
"D:/Game Project/Assembly/Content/Mesh/sofa/Textures/sofa_texture_0.uexp" 1037
"D:/Game Project/Assembly/Content/Mesh/sofa/Textures/sofa_texture_1.ubulk" 1038
"D:/Game Project/Assembly/Content/Mesh/sofa/Textures/sofa_texture_1.uasset" 1039
"D:/Game Project/Assembly/Content/Mesh/sofa/Textures/sofa_texture_1.uexp" 1040
"D:/Game Project/Assembly/Content/Mesh/sofa/Textures/sofa_texture_2.ubulk" 1041
"D:/Game Project/Assembly/Content/Mesh/sofa/Textures/sofa_texture_2.uasset" 1042
"D:/Game Project/Assembly/Content/Mesh/sofa/Textures/sofa_texture_2.uexp" 1043
"D:/Game Project/Assembly/Content/Mesh/sofa/Materials/Scene_-_Root.uasset" 1044
"D:/Game Project/Assembly/Content/Mesh/sofa/Materials/Scene_-_Root.uexp" 1045
"D:/Game Project/Assembly/Content/Mesh/sofa/StaticMeshes/SM_SOFA.ubulk" 1046
"D:/Game Project/Assembly/Content/Mesh/sofa/StaticMeshes/SM_SOFA.uasset" 1047
"D:/Game Project/Assembly/Content/Mesh/sofa/StaticMeshes/SM_SOFA.uexp" 1048
"D:/Game Project/Assembly/Content/LevelPrototyping/Textures/T_GridChecker_A.ubulk" 1049
"D:/Game Project/Assembly/Content/LevelPrototyping/Textures/T_GridChecker_A.uasset" 1050
"D:/Game Project/Assembly/Content/LevelPrototyping/Textures/T_GridChecker_A.uexp" 1051
"../../../Engine/Content/Functions/Engine_MaterialFunctions01/Gradient/LinearGradient.uasset" 1052
"../../../Engine/Content/Functions/Engine_MaterialFunctions01/Gradient/LinearGradient.uexp" 1053
"../../../Engine/Content/Functions/Engine_MaterialFunctions01/ImageAdjustment/CheapContrast.uasset" 1054
"../../../Engine/Content/Functions/Engine_MaterialFunctions01/ImageAdjustment/CheapContrast.uexp" 1055
"D:/Game Project/Assembly/Content/LevelPrototyping/Materials/MF_ProcGrid.uasset" 1056
"D:/Game Project/Assembly/Content/LevelPrototyping/Materials/MF_ProcGrid.uexp" 1057
"D:/Game Project/Assembly/Content/LevelPrototyping/Materials/M_PrototypeGrid.uasset" 1058
"D:/Game Project/Assembly/Content/LevelPrototyping/Materials/M_PrototypeGrid.uexp" 1059
"D:/Game Project/Assembly/Content/LevelPrototyping/Materials/MI_PrototypeGrid_Gray.uasset" 1060
"D:/Game Project/Assembly/Content/LevelPrototyping/Materials/MI_PrototypeGrid_Gray.uexp" 1061
"D:/Game Project/Assembly/Content/LevelPrototyping/Meshes/SM_Cube.ubulk" 1062
"D:/Game Project/Assembly/Content/LevelPrototyping/Meshes/SM_Cube.uasset" 1063
"D:/Game Project/Assembly/Content/LevelPrototyping/Meshes/SM_Cube.uexp" 1064
"D:/Game Project/Assembly/Content/Mesh/restaurant_pub_wardrobe/Textures/restaurant_pub_wardrobe_texture_3.ubulk" 1065
"D:/Game Project/Assembly/Content/Mesh/restaurant_pub_wardrobe/Textures/restaurant_pub_wardrobe_texture_3.uasset" 1066
"D:/Game Project/Assembly/Content/Mesh/restaurant_pub_wardrobe/Textures/restaurant_pub_wardrobe_texture_3.uexp" 1067
"D:/Game Project/Assembly/Content/Mesh/restaurant_pub_wardrobe/Textures/restaurant_pub_wardrobe_texture_4.ubulk" 1068
"D:/Game Project/Assembly/Content/Mesh/restaurant_pub_wardrobe/Textures/restaurant_pub_wardrobe_texture_4.uasset" 1069
"D:/Game Project/Assembly/Content/Mesh/restaurant_pub_wardrobe/Textures/restaurant_pub_wardrobe_texture_4.uexp" 1070
"D:/Game Project/Assembly/Content/Mesh/restaurant_pub_wardrobe/Textures/restaurant_pub_wardrobe_texture_5.ubulk" 1071
"D:/Game Project/Assembly/Content/Mesh/restaurant_pub_wardrobe/Textures/restaurant_pub_wardrobe_texture_5.uasset" 1072
"D:/Game Project/Assembly/Content/Mesh/restaurant_pub_wardrobe/Textures/restaurant_pub_wardrobe_texture_5.uexp" 1073
"D:/Game Project/Assembly/Content/Mesh/restaurant_pub_wardrobe/Materials/re_shelf_mid.uasset" 1074
"D:/Game Project/Assembly/Content/Mesh/restaurant_pub_wardrobe/Materials/re_shelf_mid.uexp" 1075
"D:/Game Project/Assembly/Content/Mesh/restaurant_pub_wardrobe/Textures/restaurant_pub_wardrobe_texture_0.ubulk" 1076
"D:/Game Project/Assembly/Content/Mesh/restaurant_pub_wardrobe/Textures/restaurant_pub_wardrobe_texture_0.uasset" 1077
"D:/Game Project/Assembly/Content/Mesh/restaurant_pub_wardrobe/Textures/restaurant_pub_wardrobe_texture_0.uexp" 1078
"D:/Game Project/Assembly/Content/Mesh/restaurant_pub_wardrobe/Textures/restaurant_pub_wardrobe_texture_1.ubulk" 1079
"D:/Game Project/Assembly/Content/Mesh/restaurant_pub_wardrobe/Textures/restaurant_pub_wardrobe_texture_1.uasset" 1080
"D:/Game Project/Assembly/Content/Mesh/restaurant_pub_wardrobe/Textures/restaurant_pub_wardrobe_texture_1.uexp" 1081
"D:/Game Project/Assembly/Content/Mesh/restaurant_pub_wardrobe/Textures/restaurant_pub_wardrobe_texture_2.ubulk" 1082
"D:/Game Project/Assembly/Content/Mesh/restaurant_pub_wardrobe/Textures/restaurant_pub_wardrobe_texture_2.uasset" 1083
"D:/Game Project/Assembly/Content/Mesh/restaurant_pub_wardrobe/Textures/restaurant_pub_wardrobe_texture_2.uexp" 1084
"D:/Game Project/Assembly/Content/Mesh/restaurant_pub_wardrobe/Materials/re_shelf_side.uasset" 1085
"D:/Game Project/Assembly/Content/Mesh/restaurant_pub_wardrobe/Materials/re_shelf_side.uexp" 1086
"D:/Game Project/Assembly/Content/Mesh/SM_Wardrobe.ubulk" 1087
"D:/Game Project/Assembly/Content/Mesh/SM_Wardrobe.uasset" 1088
"D:/Game Project/Assembly/Content/Mesh/SM_Wardrobe.uexp" 1089
"D:/Game Project/Assembly/Content/Mesh/sink/Materials/Hole.uasset" 1090
"D:/Game Project/Assembly/Content/Mesh/sink/Materials/Hole.uexp" 1091
"D:/Game Project/Assembly/Content/Mesh/sink/Materials/SInk.uasset" 1092
"D:/Game Project/Assembly/Content/Mesh/sink/Materials/SInk.uexp" 1093
"D:/Game Project/Assembly/Content/Mesh/sink/Materials/Steel.uasset" 1094
"D:/Game Project/Assembly/Content/Mesh/sink/Materials/Steel.uexp" 1095
"D:/Game Project/Assembly/Content/Mesh/SM_Sink.ubulk" 1096
"D:/Game Project/Assembly/Content/Mesh/SM_Sink.uasset" 1097
"D:/Game Project/Assembly/Content/Mesh/SM_Sink.uexp" 1098
"D:/Game Project/Assembly/Content/Mesh/gas_stove/Textures/gas_stove_texture_0.ubulk" 1099
"D:/Game Project/Assembly/Content/Mesh/gas_stove/Textures/gas_stove_texture_0.uasset" 1100
"D:/Game Project/Assembly/Content/Mesh/gas_stove/Textures/gas_stove_texture_0.uexp" 1101
"D:/Game Project/Assembly/Content/Mesh/gas_stove/Textures/gas_stove_texture_1.ubulk" 1102
"D:/Game Project/Assembly/Content/Mesh/gas_stove/Textures/gas_stove_texture_1.uasset" 1103
"D:/Game Project/Assembly/Content/Mesh/gas_stove/Textures/gas_stove_texture_1.uexp" 1104
"D:/Game Project/Assembly/Content/Mesh/gas_stove/Textures/gas_stove_texture_2.ubulk" 1105
"D:/Game Project/Assembly/Content/Mesh/gas_stove/Textures/gas_stove_texture_2.uasset" 1106
"D:/Game Project/Assembly/Content/Mesh/gas_stove/Textures/gas_stove_texture_2.uexp" 1107
"D:/Game Project/Assembly/Content/Mesh/gas_stove/Materials/Gas_Stove.uasset" 1108
"D:/Game Project/Assembly/Content/Mesh/gas_stove/Materials/Gas_Stove.uexp" 1109
"D:/Game Project/Assembly/Content/Mesh/SM_gas_stove.ubulk" 1110
"D:/Game Project/Assembly/Content/Mesh/SM_gas_stove.uasset" 1111
"D:/Game Project/Assembly/Content/Mesh/SM_gas_stove.uexp" 1112
"D:/Game Project/Assembly/Content/Mesh/coffee_table/coffee_table_marina/Materials/kov_lakovan___er.uasset" 1113
"D:/Game Project/Assembly/Content/Mesh/coffee_table/coffee_table_marina/Materials/kov_lakovan___er.uexp" 1114
"D:/Game Project/Assembly/Content/Mesh/coffee_table/coffee_table_marina/Textures/coffee_table_marina_texture_0.ubulk" 1115
"D:/Game Project/Assembly/Content/Mesh/coffee_table/coffee_table_marina/Textures/coffee_table_marina_texture_0.uasset" 1116
"D:/Game Project/Assembly/Content/Mesh/coffee_table/coffee_table_marina/Textures/coffee_table_marina_texture_0.uexp" 1117
"D:/Game Project/Assembly/Content/Mesh/coffee_table/coffee_table_marina/Materials/material.uasset" 1118
"D:/Game Project/Assembly/Content/Mesh/coffee_table/coffee_table_marina/Materials/material.uexp" 1119
"D:/Game Project/Assembly/Content/Mesh/coffee_table/coffee_table_marina/Materials/White_Matte.uasset" 1120
"D:/Game Project/Assembly/Content/Mesh/coffee_table/coffee_table_marina/Materials/White_Matte.uexp" 1121
"D:/Game Project/Assembly/Content/Mesh/SM_Coffeetable.ubulk" 1122
"D:/Game Project/Assembly/Content/Mesh/SM_Coffeetable.uasset" 1123
"D:/Game Project/Assembly/Content/Mesh/SM_Coffeetable.uexp" 1124
"D:/Game Project/Assembly/Content/Mesh/television/Textures/television_texture_0.ubulk" 1125
"D:/Game Project/Assembly/Content/Mesh/television/Textures/television_texture_0.uasset" 1126
"D:/Game Project/Assembly/Content/Mesh/television/Textures/television_texture_0.uexp" 1127
"D:/Game Project/Assembly/Content/Mesh/television/Textures/television_texture_1.ubulk" 1128
"D:/Game Project/Assembly/Content/Mesh/television/Textures/television_texture_1.uasset" 1129
"D:/Game Project/Assembly/Content/Mesh/television/Textures/television_texture_1.uexp" 1130
"D:/Game Project/Assembly/Content/Mesh/television/Textures/television_texture_2.ubulk" 1131
"D:/Game Project/Assembly/Content/Mesh/television/Textures/television_texture_2.uasset" 1132
"D:/Game Project/Assembly/Content/Mesh/television/Textures/television_texture_2.uexp" 1133
"D:/Game Project/Assembly/Content/Mesh/television/Materials/1005.uasset" 1134
"D:/Game Project/Assembly/Content/Mesh/television/Materials/1005.uexp" 1135
"D:/Game Project/Assembly/Content/Mesh/television/Textures/television_texture_3.ubulk" 1136
"D:/Game Project/Assembly/Content/Mesh/television/Textures/television_texture_3.uasset" 1137
"D:/Game Project/Assembly/Content/Mesh/television/Textures/television_texture_3.uexp" 1138
"D:/Game Project/Assembly/Content/Mesh/television/Textures/television_texture_4.ubulk" 1139
"D:/Game Project/Assembly/Content/Mesh/television/Textures/television_texture_4.uasset" 1140
"D:/Game Project/Assembly/Content/Mesh/television/Textures/television_texture_4.uexp" 1141
"D:/Game Project/Assembly/Content/Mesh/television/Textures/television_texture_5.ubulk" 1142
"D:/Game Project/Assembly/Content/Mesh/television/Textures/television_texture_5.uasset" 1143
"D:/Game Project/Assembly/Content/Mesh/television/Textures/television_texture_5.uexp" 1144
"D:/Game Project/Assembly/Content/Mesh/television/Materials/1006.uasset" 1145
"D:/Game Project/Assembly/Content/Mesh/television/Materials/1006.uexp" 1146
"D:/Game Project/Assembly/Content/Mesh/SM_TELEVISION.ubulk" 1147
"D:/Game Project/Assembly/Content/Mesh/SM_TELEVISION.uasset" 1148
"D:/Game Project/Assembly/Content/Mesh/SM_TELEVISION.uexp" 1149
"D:/Game Project/Assembly/Content/Mesh/tall_potted_plant_with_elongated_leaves/Textures/tall_potted_plant_with_elongated_leaves_texture_0.ubulk" 1150
"D:/Game Project/Assembly/Content/Mesh/tall_potted_plant_with_elongated_leaves/Textures/tall_potted_plant_with_elongated_leaves_texture_0.uasset" 1151
"D:/Game Project/Assembly/Content/Mesh/tall_potted_plant_with_elongated_leaves/Textures/tall_potted_plant_with_elongated_leaves_texture_0.uexp" 1152
"D:/Game Project/Assembly/Content/Mesh/tall_potted_plant_with_elongated_leaves/Textures/tall_potted_plant_with_elongated_leaves_texture_1.ubulk" 1153
"D:/Game Project/Assembly/Content/Mesh/tall_potted_plant_with_elongated_leaves/Textures/tall_potted_plant_with_elongated_leaves_texture_1.uasset" 1154
"D:/Game Project/Assembly/Content/Mesh/tall_potted_plant_with_elongated_leaves/Textures/tall_potted_plant_with_elongated_leaves_texture_1.uexp" 1155
"D:/Game Project/Assembly/Content/Mesh/tall_potted_plant_with_elongated_leaves/Textures/tall_potted_plant_with_elongated_leaves_texture_2.ubulk" 1156
"D:/Game Project/Assembly/Content/Mesh/tall_potted_plant_with_elongated_leaves/Textures/tall_potted_plant_with_elongated_leaves_texture_2.uasset" 1157
"D:/Game Project/Assembly/Content/Mesh/tall_potted_plant_with_elongated_leaves/Textures/tall_potted_plant_with_elongated_leaves_texture_2.uexp" 1158
"D:/Game Project/Assembly/Content/Mesh/tall_potted_plant_with_elongated_leaves/Materials/material_0.uasset" 1159
"D:/Game Project/Assembly/Content/Mesh/tall_potted_plant_with_elongated_leaves/Materials/material_0.uexp" 1160
"D:/Game Project/Assembly/Content/Mesh/SM_Plantpot.ubulk" 1161
"D:/Game Project/Assembly/Content/Mesh/SM_Plantpot.uasset" 1162
"D:/Game Project/Assembly/Content/Mesh/SM_Plantpot.uexp" 1163
"D:/Game Project/Assembly/Content/Mesh/77e19e91f00e40a983d4d41ccb524ec7_Textured/Textures/4121e88efba644e69af3078c6b0d4a9d_R_DefaultMaterial_roughness.ubulk" 1164
"D:/Game Project/Assembly/Content/Mesh/77e19e91f00e40a983d4d41ccb524ec7_Textured/Textures/4121e88efba644e69af3078c6b0d4a9d_R_DefaultMaterial_roughness.uasset" 1165
"D:/Game Project/Assembly/Content/Mesh/77e19e91f00e40a983d4d41ccb524ec7_Textured/Textures/4121e88efba644e69af3078c6b0d4a9d_R_DefaultMaterial_roughness.uexp" 1166
"D:/Game Project/Assembly/Content/Mesh/77e19e91f00e40a983d4d41ccb524ec7_Textured/Textures/55910d6d3ad142869422ae91459ee3db_R_DefaultMaterial_AO.ubulk" 1167
"D:/Game Project/Assembly/Content/Mesh/77e19e91f00e40a983d4d41ccb524ec7_Textured/Textures/55910d6d3ad142869422ae91459ee3db_R_DefaultMaterial_AO.uasset" 1168
"D:/Game Project/Assembly/Content/Mesh/77e19e91f00e40a983d4d41ccb524ec7_Textured/Textures/55910d6d3ad142869422ae91459ee3db_R_DefaultMaterial_AO.uexp" 1169
"D:/Game Project/Assembly/Content/Mesh/77e19e91f00e40a983d4d41ccb524ec7_Textured/Textures/d4e91843524c42fc9c4d5251b348238c_N_DefaultMaterial_normal.ubulk" 1170
"D:/Game Project/Assembly/Content/Mesh/77e19e91f00e40a983d4d41ccb524ec7_Textured/Textures/d4e91843524c42fc9c4d5251b348238c_N_DefaultMaterial_normal.uasset" 1171
"D:/Game Project/Assembly/Content/Mesh/77e19e91f00e40a983d4d41ccb524ec7_Textured/Textures/d4e91843524c42fc9c4d5251b348238c_N_DefaultMaterial_normal.uexp" 1172
"D:/Game Project/Assembly/Content/Mesh/77e19e91f00e40a983d4d41ccb524ec7_Textured/Textures/f5ffdbc001d04c6c8aacf4ef35af752d_RGB_DefaultMaterial_albedo.ubulk" 1173
"D:/Game Project/Assembly/Content/Mesh/77e19e91f00e40a983d4d41ccb524ec7_Textured/Textures/f5ffdbc001d04c6c8aacf4ef35af752d_RGB_DefaultMaterial_albedo.uasset" 1174
"D:/Game Project/Assembly/Content/Mesh/77e19e91f00e40a983d4d41ccb524ec7_Textured/Textures/f5ffdbc001d04c6c8aacf4ef35af752d_RGB_DefaultMaterial_albedo.uexp" 1175
"D:/Game Project/Assembly/Content/Mesh/77e19e91f00e40a983d4d41ccb524ec7_Textured/Materials/DefaultMaterial.uasset" 1176
"D:/Game Project/Assembly/Content/Mesh/77e19e91f00e40a983d4d41ccb524ec7_Textured/Materials/DefaultMaterial.uexp" 1177
"D:/Game Project/Assembly/Content/Mesh/77e19e91f00e40a983d4d41ccb524ec7_Textured/StaticMeshes/SM_FRIDGE.ubulk" 1178
"D:/Game Project/Assembly/Content/Mesh/77e19e91f00e40a983d4d41ccb524ec7_Textured/StaticMeshes/SM_FRIDGE.uasset" 1179
"D:/Game Project/Assembly/Content/Mesh/77e19e91f00e40a983d4d41ccb524ec7_Textured/StaticMeshes/SM_FRIDGE.uexp" 1180
"D:/Game Project/Assembly/Content/Input/Actions/IA_Jump.uasset" 1181
"D:/Game Project/Assembly/Content/Input/Actions/IA_Jump.uexp" 1182
"D:/Game Project/Assembly/Content/Input/Actions/IA_Look.uasset" 1183
"D:/Game Project/Assembly/Content/Input/Actions/IA_Look.uexp" 1184
"D:/Game Project/Assembly/Content/Input/Actions/IA_Move.uasset" 1185
"D:/Game Project/Assembly/Content/Input/Actions/IA_Move.uexp" 1186
"D:/Game Project/Assembly/Content/Input/Actions/IA_MouseLook.uasset" 1187
"D:/Game Project/Assembly/Content/Input/Actions/IA_MouseLook.uexp" 1188
"D:/Game Project/Assembly/Content/Characters/Mannequins/Meshes/SK_Mannequin.uasset" 1189
"D:/Game Project/Assembly/Content/Characters/Mannequins/Meshes/SK_Mannequin.uexp" 1190
"../../../Engine/Plugins/Animation/ControlRig/Content/Controls/DefaultGizmoLibraryNormalized.uasset" 1191
"../../../Engine/Plugins/Animation/ControlRig/Content/Controls/DefaultGizmoLibraryNormalized.uexp" 1192
"D:/Game Project/Assembly/Content/FirstPerson/Anims/CtrlRig_FPWarp.uasset" 1193
"D:/Game Project/Assembly/Content/FirstPerson/Anims/CtrlRig_FPWarp.uexp" 1194
"D:/Game Project/Assembly/Content/FirstPerson/Anims/ABP_FP_Copy.uasset" 1195
"D:/Game Project/Assembly/Content/FirstPerson/Anims/ABP_FP_Copy.uexp" 1196
"D:/Game Project/Assembly/Content/Characters/Mannequins/Rigs/PA_Mannequin.uasset" 1197
"D:/Game Project/Assembly/Content/Characters/Mannequins/Rigs/PA_Mannequin.uexp" 1198
"D:/Game Project/Assembly/Content/Characters/Mannequins/Textures/Manny/T_Manny_01_BN.ubulk" 1199
"D:/Game Project/Assembly/Content/Characters/Mannequins/Textures/Manny/T_Manny_01_BN.uasset" 1200
"D:/Game Project/Assembly/Content/Characters/Mannequins/Textures/Manny/T_Manny_01_BN.uexp" 1201
"D:/Game Project/Assembly/Content/Characters/Mannequins/Textures/Manny/T_Manny_01_D.ubulk" 1202
"D:/Game Project/Assembly/Content/Characters/Mannequins/Textures/Manny/T_Manny_01_D.uasset" 1203
"D:/Game Project/Assembly/Content/Characters/Mannequins/Textures/Manny/T_Manny_01_D.uexp" 1204
"D:/Game Project/Assembly/Content/Characters/Mannequins/Textures/Manny/T_Manny_01_MRA.ubulk" 1205
"D:/Game Project/Assembly/Content/Characters/Mannequins/Textures/Manny/T_Manny_01_MRA.uasset" 1206
"D:/Game Project/Assembly/Content/Characters/Mannequins/Textures/Manny/T_Manny_01_MRA.uexp" 1207
"D:/Game Project/Assembly/Content/Characters/Mannequins/Textures/Shared/T_UE_Logo_M.uasset" 1208
"D:/Game Project/Assembly/Content/Characters/Mannequins/Textures/Shared/T_UE_Logo_M.uexp" 1209
"D:/Game Project/Assembly/Content/Characters/Mannequins/Materials/M_Mannequin.uasset" 1210
"D:/Game Project/Assembly/Content/Characters/Mannequins/Materials/M_Mannequin.uexp" 1211
"D:/Game Project/Assembly/Content/Characters/Mannequins/Materials/Manny/MI_Manny_01_New.uasset" 1212
"D:/Game Project/Assembly/Content/Characters/Mannequins/Materials/Manny/MI_Manny_01_New.uexp" 1213
"D:/Game Project/Assembly/Content/Characters/Mannequins/Textures/Manny/T_Manny_02_BN.ubulk" 1214
"D:/Game Project/Assembly/Content/Characters/Mannequins/Textures/Manny/T_Manny_02_BN.uasset" 1215
"D:/Game Project/Assembly/Content/Characters/Mannequins/Textures/Manny/T_Manny_02_BN.uexp" 1216
"D:/Game Project/Assembly/Content/Characters/Mannequins/Textures/Manny/T_Manny_02_D.ubulk" 1217
"D:/Game Project/Assembly/Content/Characters/Mannequins/Textures/Manny/T_Manny_02_D.uasset" 1218
"D:/Game Project/Assembly/Content/Characters/Mannequins/Textures/Manny/T_Manny_02_D.uexp" 1219
"D:/Game Project/Assembly/Content/Characters/Mannequins/Textures/Manny/T_Manny_02_MRA.ubulk" 1220
"D:/Game Project/Assembly/Content/Characters/Mannequins/Textures/Manny/T_Manny_02_MRA.uasset" 1221
"D:/Game Project/Assembly/Content/Characters/Mannequins/Textures/Manny/T_Manny_02_MRA.uexp" 1222
"D:/Game Project/Assembly/Content/Characters/Mannequins/Materials/Manny/MI_Manny_02_New.uasset" 1223
"D:/Game Project/Assembly/Content/Characters/Mannequins/Materials/Manny/MI_Manny_02_New.uexp" 1224
"D:/Game Project/Assembly/Content/Characters/Mannequins/Meshes/SKM_Manny_Simple.uasset" 1225
"D:/Game Project/Assembly/Content/Characters/Mannequins/Meshes/SKM_Manny_Simple.uexp" 1226
"D:/Game Project/Assembly/Content/Input/Touch/BPI_TouchInterface.uasset" 1227
"D:/Game Project/Assembly/Content/Input/Touch/BPI_TouchInterface.uexp" 1228
"../../../Engine/Content/MobileResources/HUD/VirtualJoystick_Background.uasset" 1229
"../../../Engine/Content/MobileResources/HUD/VirtualJoystick_Background.uexp" 1230
"../../../Engine/Content/MobileResources/HUD/VirtualJoystick_Thumb.uasset" 1231
"../../../Engine/Content/MobileResources/HUD/VirtualJoystick_Thumb.uexp" 1232
"D:/Game Project/Assembly/Content/Input/Touch/UI_Thumbstick.uasset" 1233
"D:/Game Project/Assembly/Content/Input/Touch/UI_Thumbstick.uexp" 1234
"D:/Game Project/Assembly/Content/Input/Touch/UI_TouchSimple.uasset" 1235
"D:/Game Project/Assembly/Content/Input/Touch/UI_TouchSimple.uexp" 1236
"D:/Game Project/Assembly/Content/Characters/Mannequins/Rigs/CR_Mannequin_FootIK.uasset" 1237
"D:/Game Project/Assembly/Content/Characters/Mannequins/Rigs/CR_Mannequin_FootIK.uexp" 1238
"../../../Engine/Content/Animation/DefaultAnimBoneCompressionSettings.uasset" 1239
"../../../Engine/Content/Animation/DefaultAnimBoneCompressionSettings.uexp" 1240
"../../../Engine/Content/Animation/DefaultAnimCurveCompressionSettings.uasset" 1241
"../../../Engine/Content/Animation/DefaultAnimCurveCompressionSettings.uexp" 1242
"../../../Engine/Content/Animation/DefaultVariableFrameStrippingSettings.uasset" 1243
"../../../Engine/Content/Animation/DefaultVariableFrameStrippingSettings.uexp" 1244
"D:/Game Project/Assembly/Content/Characters/Mannequins/Anims/Unarmed/MM_Idle.uasset" 1245
"D:/Game Project/Assembly/Content/Characters/Mannequins/Anims/Unarmed/MM_Idle.uexp" 1246
"D:/Game Project/Assembly/Content/Characters/Mannequins/Anims/Unarmed/Jog/MF_Unarmed_Jog_Bwd.uasset" 1247
"D:/Game Project/Assembly/Content/Characters/Mannequins/Anims/Unarmed/Jog/MF_Unarmed_Jog_Bwd.uexp" 1248
"../../../Engine/Plugins/Animation/ACLPlugin/Content/ACLAnimCurveCompressionSettings.uasset" 1249
"../../../Engine/Plugins/Animation/ACLPlugin/Content/ACLAnimCurveCompressionSettings.uexp" 1250
"../../../Engine/Content/Animation/DefaultRecorderBoneCompression.uasset" 1251
"../../../Engine/Content/Animation/DefaultRecorderBoneCompression.uexp" 1252
"D:/Game Project/Assembly/Content/Characters/Mannequins/Anims/Unarmed/Jog/MF_Unarmed_Jog_Bwd_Left.uasset" 1253
"D:/Game Project/Assembly/Content/Characters/Mannequins/Anims/Unarmed/Jog/MF_Unarmed_Jog_Bwd_Left.uexp" 1254
"D:/Game Project/Assembly/Content/Characters/Mannequins/Anims/Unarmed/Jog/MF_Unarmed_Jog_Bwd_Right.uasset" 1255
"D:/Game Project/Assembly/Content/Characters/Mannequins/Anims/Unarmed/Jog/MF_Unarmed_Jog_Bwd_Right.uexp" 1256
"D:/Game Project/Assembly/Content/Characters/Mannequins/Anims/Unarmed/Jog/MF_Unarmed_Jog_Fwd.uasset" 1257
"D:/Game Project/Assembly/Content/Characters/Mannequins/Anims/Unarmed/Jog/MF_Unarmed_Jog_Fwd.uexp" 1258
"D:/Game Project/Assembly/Content/Characters/Mannequins/Anims/Unarmed/Jog/MF_Unarmed_Jog_Fwd_Left.uasset" 1259
"D:/Game Project/Assembly/Content/Characters/Mannequins/Anims/Unarmed/Jog/MF_Unarmed_Jog_Fwd_Left.uexp" 1260
"D:/Game Project/Assembly/Content/Characters/Mannequins/Anims/Unarmed/Jog/MF_Unarmed_Jog_Fwd_Right.uasset" 1261
"D:/Game Project/Assembly/Content/Characters/Mannequins/Anims/Unarmed/Jog/MF_Unarmed_Jog_Fwd_Right.uexp" 1262
"D:/Game Project/Assembly/Content/Characters/Mannequins/Anims/Unarmed/Jog/MF_Unarmed_Jog_Left.uasset" 1263
"D:/Game Project/Assembly/Content/Characters/Mannequins/Anims/Unarmed/Jog/MF_Unarmed_Jog_Left.uexp" 1264
"D:/Game Project/Assembly/Content/Characters/Mannequins/Anims/Unarmed/Jog/MF_Unarmed_Jog_Right.uasset" 1265
"D:/Game Project/Assembly/Content/Characters/Mannequins/Anims/Unarmed/Jog/MF_Unarmed_Jog_Right.uexp" 1266
"D:/Game Project/Assembly/Content/Characters/Mannequins/Anims/Unarmed/Walk/MF_Unarmed_Walk_Bwd.uasset" 1267
"D:/Game Project/Assembly/Content/Characters/Mannequins/Anims/Unarmed/Walk/MF_Unarmed_Walk_Bwd.uexp" 1268
"D:/Game Project/Assembly/Content/Characters/Mannequins/Anims/Unarmed/Walk/MF_Unarmed_Walk_Bwd_Left.uasset" 1269
"D:/Game Project/Assembly/Content/Characters/Mannequins/Anims/Unarmed/Walk/MF_Unarmed_Walk_Bwd_Left.uexp" 1270
"D:/Game Project/Assembly/Content/Characters/Mannequins/Anims/Unarmed/Walk/MF_Unarmed_Walk_Bwd_Right.uasset" 1271
"D:/Game Project/Assembly/Content/Characters/Mannequins/Anims/Unarmed/Walk/MF_Unarmed_Walk_Bwd_Right.uexp" 1272
"D:/Game Project/Assembly/Content/Characters/Mannequins/Anims/Unarmed/Walk/MF_Unarmed_Walk_Fwd.uasset" 1273
"D:/Game Project/Assembly/Content/Characters/Mannequins/Anims/Unarmed/Walk/MF_Unarmed_Walk_Fwd.uexp" 1274
"D:/Game Project/Assembly/Content/Characters/Mannequins/Anims/Unarmed/Walk/MF_Unarmed_Walk_Fwd_Left.uasset" 1275
"D:/Game Project/Assembly/Content/Characters/Mannequins/Anims/Unarmed/Walk/MF_Unarmed_Walk_Fwd_Left.uexp" 1276
"D:/Game Project/Assembly/Content/Characters/Mannequins/Anims/Unarmed/Walk/MF_Unarmed_Walk_Fwd_Right.uasset" 1277
"D:/Game Project/Assembly/Content/Characters/Mannequins/Anims/Unarmed/Walk/MF_Unarmed_Walk_Fwd_Right.uexp" 1278
"D:/Game Project/Assembly/Content/Characters/Mannequins/Anims/Unarmed/Walk/MF_Unarmed_Walk_Left.uasset" 1279
"D:/Game Project/Assembly/Content/Characters/Mannequins/Anims/Unarmed/Walk/MF_Unarmed_Walk_Left.uexp" 1280
"D:/Game Project/Assembly/Content/Characters/Mannequins/Anims/Unarmed/Walk/MF_Unarmed_Walk_Right.uasset" 1281
"D:/Game Project/Assembly/Content/Characters/Mannequins/Anims/Unarmed/Walk/MF_Unarmed_Walk_Right.uexp" 1282
"D:/Game Project/Assembly/Content/Characters/Mannequins/Anims/Unarmed/BS_Idle_Walk_Run.uasset" 1283
"D:/Game Project/Assembly/Content/Characters/Mannequins/Anims/Unarmed/BS_Idle_Walk_Run.uexp" 1284
"D:/Game Project/Assembly/Content/Characters/Mannequins/Anims/Unarmed/Jump/MM_Fall_Loop.uasset" 1285
"D:/Game Project/Assembly/Content/Characters/Mannequins/Anims/Unarmed/Jump/MM_Fall_Loop.uexp" 1286
"D:/Game Project/Assembly/Content/Characters/Mannequins/Anims/Unarmed/Jump/MM_Jump.uasset" 1287
"D:/Game Project/Assembly/Content/Characters/Mannequins/Anims/Unarmed/Jump/MM_Jump.uexp" 1288
"D:/Game Project/Assembly/Content/Characters/Mannequins/Anims/Unarmed/Jump/MM_Land.uasset" 1289
"D:/Game Project/Assembly/Content/Characters/Mannequins/Anims/Unarmed/Jump/MM_Land.uexp" 1290
"D:/Game Project/Assembly/Content/Characters/Mannequins/Anims/Unarmed/ABP_Unarmed.uasset" 1291
"D:/Game Project/Assembly/Content/Characters/Mannequins/Anims/Unarmed/ABP_Unarmed.uexp" 1292
"D:/Game Project/Assembly/Content/FirstPerson/Blueprints/BP_FirstPersonCharacter.uasset" 1293
"D:/Game Project/Assembly/Content/FirstPerson/Blueprints/BP_FirstPersonCharacter.uexp" 1294
"D:/Game Project/Assembly/Content/Input/IMC_Default.uasset" 1295
"D:/Game Project/Assembly/Content/Input/IMC_Default.uexp" 1296
"D:/Game Project/Assembly/Content/Input/IMC_MouseLook.uasset" 1297
"D:/Game Project/Assembly/Content/Input/IMC_MouseLook.uexp" 1298
"D:/Game Project/Assembly/Content/FirstPerson/Blueprints/BP_FirstPersonCameraManager.uasset" 1299
"D:/Game Project/Assembly/Content/FirstPerson/Blueprints/BP_FirstPersonCameraManager.uexp" 1300
"D:/Game Project/Assembly/Content/FirstPerson/Blueprints/BP_FirstPersonPlayerController.uasset" 1301
"D:/Game Project/Assembly/Content/FirstPerson/Blueprints/BP_FirstPersonPlayerController.uexp" 1302
"D:/Game Project/Assembly/Content/FirstPerson/Blueprints/BP_FirstPersonGameMode.uasset" 1303
"D:/Game Project/Assembly/Content/FirstPerson/Blueprints/BP_FirstPersonGameMode.uexp" 1304
"D:/Game Project/Assembly/Content/Mesh/Car/Materials/black_m.uasset" 1305
"D:/Game Project/Assembly/Content/Mesh/Car/Materials/black_m.uexp" 1306
"D:/Game Project/Assembly/Content/Mesh/Car/Materials/Body.uasset" 1307
"D:/Game Project/Assembly/Content/Mesh/Car/Materials/Body.uexp" 1308
"D:/Game Project/Assembly/Content/Mesh/Car/Materials/chrome_002.uasset" 1309
"D:/Game Project/Assembly/Content/Mesh/Car/Materials/chrome_002.uexp" 1310
"D:/Game Project/Assembly/Content/Mesh/Car/Materials/int.uasset" 1311
"D:/Game Project/Assembly/Content/Mesh/Car/Materials/int.uexp" 1312
"D:/Game Project/Assembly/Content/Mesh/Car/Materials/Metal.uasset" 1313
"D:/Game Project/Assembly/Content/Mesh/Car/Materials/Metal.uexp" 1314
"D:/Game Project/Assembly/Content/Mesh/SM_Car.ubulk" 1315
"D:/Game Project/Assembly/Content/Mesh/SM_Car.uasset" 1316
"D:/Game Project/Assembly/Content/Mesh/SM_Car.uexp" 1317
"D:/Game Project/Assembly/Content/Mesh/1bhk-wall-mesh/Materials/1bhk-wall-mesh_material_0.uasset" 1318
"D:/Game Project/Assembly/Content/Mesh/1bhk-wall-mesh/Materials/1bhk-wall-mesh_material_0.uexp" 1319
"D:/Game Project/Assembly/Content/Mesh/1bhk-wall-mesh/StaticMeshes/exterior-walls.ubulk" 1320
"D:/Game Project/Assembly/Content/Mesh/1bhk-wall-mesh/StaticMeshes/exterior-walls.uasset" 1321
"D:/Game Project/Assembly/Content/Mesh/1bhk-wall-mesh/StaticMeshes/exterior-walls.uexp" 1322
"D:/Game Project/Assembly/Content/Mesh/1bhk-wall-mesh/Materials/1bhk-wall-mesh_material_2.uasset" 1323
"D:/Game Project/Assembly/Content/Mesh/1bhk-wall-mesh/Materials/1bhk-wall-mesh_material_2.uexp" 1324
"D:/Game Project/Assembly/Content/Mesh/1bhk-wall-mesh/StaticMeshes/floor-Bedroom.ubulk" 1325
"D:/Game Project/Assembly/Content/Mesh/1bhk-wall-mesh/StaticMeshes/floor-Bedroom.uasset" 1326
"D:/Game Project/Assembly/Content/Mesh/1bhk-wall-mesh/StaticMeshes/floor-Bedroom.uexp" 1327
"D:/Game Project/Assembly/Content/Mesh/1bhk-wall-mesh/Materials/1bhk-wall-mesh_material_6.uasset" 1328
"D:/Game Project/Assembly/Content/Mesh/1bhk-wall-mesh/Materials/1bhk-wall-mesh_material_6.uexp" 1329
"D:/Game Project/Assembly/Content/Mesh/1bhk-wall-mesh/StaticMeshes/floor-Dining.ubulk" 1330
"D:/Game Project/Assembly/Content/Mesh/1bhk-wall-mesh/StaticMeshes/floor-Dining.uasset" 1331
"D:/Game Project/Assembly/Content/Mesh/1bhk-wall-mesh/StaticMeshes/floor-Dining.uexp" 1332
"D:/Game Project/Assembly/Content/Mesh/1bhk-wall-mesh/Materials/1bhk-wall-mesh_material_9.uasset" 1333
"D:/Game Project/Assembly/Content/Mesh/1bhk-wall-mesh/Materials/1bhk-wall-mesh_material_9.uexp" 1334
"D:/Game Project/Assembly/Content/Mesh/1bhk-wall-mesh/StaticMeshes/floor-Entry.ubulk" 1335
"D:/Game Project/Assembly/Content/Mesh/1bhk-wall-mesh/StaticMeshes/floor-Entry.uasset" 1336
"D:/Game Project/Assembly/Content/Mesh/1bhk-wall-mesh/StaticMeshes/floor-Entry.uexp" 1337
"D:/Game Project/Assembly/Content/Mesh/1bhk-wall-mesh/Materials/1bhk-wall-mesh_material_5.uasset" 1338
"D:/Game Project/Assembly/Content/Mesh/1bhk-wall-mesh/Materials/1bhk-wall-mesh_material_5.uexp" 1339
"D:/Game Project/Assembly/Content/Mesh/1bhk-wall-mesh/StaticMeshes/floor-Kitchen.ubulk" 1340
"D:/Game Project/Assembly/Content/Mesh/1bhk-wall-mesh/StaticMeshes/floor-Kitchen.uasset" 1341
"D:/Game Project/Assembly/Content/Mesh/1bhk-wall-mesh/StaticMeshes/floor-Kitchen.uexp" 1342
"D:/Game Project/Assembly/Content/Mesh/1bhk-wall-mesh/Materials/1bhk-wall-mesh_material_8.uasset" 1343
"D:/Game Project/Assembly/Content/Mesh/1bhk-wall-mesh/Materials/1bhk-wall-mesh_material_8.uexp" 1344
"D:/Game Project/Assembly/Content/Mesh/1bhk-wall-mesh/StaticMeshes/floor-Living.ubulk" 1345
"D:/Game Project/Assembly/Content/Mesh/1bhk-wall-mesh/StaticMeshes/floor-Living.uasset" 1346
"D:/Game Project/Assembly/Content/Mesh/1bhk-wall-mesh/StaticMeshes/floor-Living.uexp" 1347
"D:/Game Project/Assembly/Content/Mesh/1bhk-wall-mesh/Materials/1bhk-wall-mesh_material_7.uasset" 1348
"D:/Game Project/Assembly/Content/Mesh/1bhk-wall-mesh/Materials/1bhk-wall-mesh_material_7.uexp" 1349
"D:/Game Project/Assembly/Content/Mesh/1bhk-wall-mesh/StaticMeshes/floor-Parking.ubulk" 1350
"D:/Game Project/Assembly/Content/Mesh/1bhk-wall-mesh/StaticMeshes/floor-Parking.uasset" 1351
"D:/Game Project/Assembly/Content/Mesh/1bhk-wall-mesh/StaticMeshes/floor-Parking.uexp" 1352
"D:/Game Project/Assembly/Content/Mesh/1bhk-wall-mesh/Materials/1bhk-wall-mesh_material_3.uasset" 1353
"D:/Game Project/Assembly/Content/Mesh/1bhk-wall-mesh/Materials/1bhk-wall-mesh_material_3.uexp" 1354
"D:/Game Project/Assembly/Content/Mesh/1bhk-wall-mesh/StaticMeshes/floor-Toilet.ubulk" 1355
"D:/Game Project/Assembly/Content/Mesh/1bhk-wall-mesh/StaticMeshes/floor-Toilet.uasset" 1356
"D:/Game Project/Assembly/Content/Mesh/1bhk-wall-mesh/StaticMeshes/floor-Toilet.uexp" 1357
"D:/Game Project/Assembly/Content/Mesh/1bhk-wall-mesh/Materials/1bhk-wall-mesh_material_4.uasset" 1358
"D:/Game Project/Assembly/Content/Mesh/1bhk-wall-mesh/Materials/1bhk-wall-mesh_material_4.uexp" 1359
"D:/Game Project/Assembly/Content/Mesh/1bhk-wall-mesh/StaticMeshes/floor-Utility.ubulk" 1360
"D:/Game Project/Assembly/Content/Mesh/1bhk-wall-mesh/StaticMeshes/floor-Utility.uasset" 1361
"D:/Game Project/Assembly/Content/Mesh/1bhk-wall-mesh/StaticMeshes/floor-Utility.uexp" 1362
"D:/Game Project/Assembly/Content/Mesh/1bhk-wall-mesh/Materials/1bhk-wall-mesh_material_10.uasset" 1363
"D:/Game Project/Assembly/Content/Mesh/1bhk-wall-mesh/Materials/1bhk-wall-mesh_material_10.uexp" 1364
"D:/Game Project/Assembly/Content/Mesh/1bhk-wall-mesh/StaticMeshes/frame-Bedroom.ubulk" 1365
"D:/Game Project/Assembly/Content/Mesh/1bhk-wall-mesh/StaticMeshes/frame-Bedroom.uasset" 1366
"D:/Game Project/Assembly/Content/Mesh/1bhk-wall-mesh/StaticMeshes/frame-Bedroom.uexp" 1367
"D:/Game Project/Assembly/Content/Mesh/1bhk-wall-mesh/StaticMeshes/frame-Bedroom_9b1687c339d102ca66cec6a776b84338.ubulk" 1368
"D:/Game Project/Assembly/Content/Mesh/1bhk-wall-mesh/StaticMeshes/frame-Bedroom_9b1687c339d102ca66cec6a776b84338.uasset" 1369
"D:/Game Project/Assembly/Content/Mesh/1bhk-wall-mesh/StaticMeshes/frame-Bedroom_9b1687c339d102ca66cec6a776b84338.uexp" 1370
"D:/Game Project/Assembly/Content/Mesh/1bhk-wall-mesh/StaticMeshes/frame-Bedroom_9ca06a19509980218b030cbc49141a4e.ubulk" 1371
"D:/Game Project/Assembly/Content/Mesh/1bhk-wall-mesh/StaticMeshes/frame-Bedroom_9ca06a19509980218b030cbc49141a4e.uasset" 1372
"D:/Game Project/Assembly/Content/Mesh/1bhk-wall-mesh/StaticMeshes/frame-Bedroom_9ca06a19509980218b030cbc49141a4e.uexp" 1373
"D:/Game Project/Assembly/Content/Mesh/1bhk-wall-mesh/StaticMeshes/frame-Bedroom_f82231fc32e4a2cfd3e2554a5f85c807.ubulk" 1374
"D:/Game Project/Assembly/Content/Mesh/1bhk-wall-mesh/StaticMeshes/frame-Bedroom_f82231fc32e4a2cfd3e2554a5f85c807.uasset" 1375
"D:/Game Project/Assembly/Content/Mesh/1bhk-wall-mesh/StaticMeshes/frame-Bedroom_f82231fc32e4a2cfd3e2554a5f85c807.uexp" 1376
"D:/Game Project/Assembly/Content/Mesh/1bhk-wall-mesh/StaticMeshes/frame-Kitchen.ubulk" 1377
"D:/Game Project/Assembly/Content/Mesh/1bhk-wall-mesh/StaticMeshes/frame-Kitchen.uasset" 1378
"D:/Game Project/Assembly/Content/Mesh/1bhk-wall-mesh/StaticMeshes/frame-Kitchen.uexp" 1379
"D:/Game Project/Assembly/Content/Mesh/1bhk-wall-mesh/StaticMeshes/frame-Kitchen_477e4c0e3df194726776511a733d03c3.ubulk" 1380
"D:/Game Project/Assembly/Content/Mesh/1bhk-wall-mesh/StaticMeshes/frame-Kitchen_477e4c0e3df194726776511a733d03c3.uasset" 1381
"D:/Game Project/Assembly/Content/Mesh/1bhk-wall-mesh/StaticMeshes/frame-Kitchen_477e4c0e3df194726776511a733d03c3.uexp" 1382
"D:/Game Project/Assembly/Content/Mesh/1bhk-wall-mesh/StaticMeshes/frame-Kitchen_570fecb06b086b1be00316ecbbdf47d9.ubulk" 1383
"D:/Game Project/Assembly/Content/Mesh/1bhk-wall-mesh/StaticMeshes/frame-Kitchen_570fecb06b086b1be00316ecbbdf47d9.uasset" 1384
"D:/Game Project/Assembly/Content/Mesh/1bhk-wall-mesh/StaticMeshes/frame-Kitchen_570fecb06b086b1be00316ecbbdf47d9.uexp" 1385
"D:/Game Project/Assembly/Content/Mesh/1bhk-wall-mesh/StaticMeshes/frame-Kitchen_de135f2eec352b90c27d5aeebf08a261.ubulk" 1386
"D:/Game Project/Assembly/Content/Mesh/1bhk-wall-mesh/StaticMeshes/frame-Kitchen_de135f2eec352b90c27d5aeebf08a261.uasset" 1387
"D:/Game Project/Assembly/Content/Mesh/1bhk-wall-mesh/StaticMeshes/frame-Kitchen_de135f2eec352b90c27d5aeebf08a261.uexp" 1388
"D:/Game Project/Assembly/Content/Mesh/1bhk-wall-mesh/StaticMeshes/frame-Living.ubulk" 1389
"D:/Game Project/Assembly/Content/Mesh/1bhk-wall-mesh/StaticMeshes/frame-Living.uasset" 1390
"D:/Game Project/Assembly/Content/Mesh/1bhk-wall-mesh/StaticMeshes/frame-Living.uexp" 1391
"D:/Game Project/Assembly/Content/Mesh/1bhk-wall-mesh/StaticMeshes/frame-Living_5528ebed1befe727575163f48a52bb41.ubulk" 1392
"D:/Game Project/Assembly/Content/Mesh/1bhk-wall-mesh/StaticMeshes/frame-Living_5528ebed1befe727575163f48a52bb41.uasset" 1393
"D:/Game Project/Assembly/Content/Mesh/1bhk-wall-mesh/StaticMeshes/frame-Living_5528ebed1befe727575163f48a52bb41.uexp" 1394
"D:/Game Project/Assembly/Content/Mesh/1bhk-wall-mesh/StaticMeshes/frame-Living_6163b9f2e9c0652349eed41080408ebb.ubulk" 1395
"D:/Game Project/Assembly/Content/Mesh/1bhk-wall-mesh/StaticMeshes/frame-Living_6163b9f2e9c0652349eed41080408ebb.uasset" 1396
"D:/Game Project/Assembly/Content/Mesh/1bhk-wall-mesh/StaticMeshes/frame-Living_6163b9f2e9c0652349eed41080408ebb.uexp" 1397
"D:/Game Project/Assembly/Content/Mesh/1bhk-wall-mesh/StaticMeshes/frame-Living_7123776414f7a80374125d3d28c53c15.ubulk" 1398
"D:/Game Project/Assembly/Content/Mesh/1bhk-wall-mesh/StaticMeshes/frame-Living_7123776414f7a80374125d3d28c53c15.uasset" 1399
"D:/Game Project/Assembly/Content/Mesh/1bhk-wall-mesh/StaticMeshes/frame-Living_7123776414f7a80374125d3d28c53c15.uexp" 1400
"D:/Game Project/Assembly/Content/Mesh/1bhk-wall-mesh/Materials/1bhk-wall-mesh_material_13.uasset" 1401
"D:/Game Project/Assembly/Content/Mesh/1bhk-wall-mesh/Materials/1bhk-wall-mesh_material_13.uexp" 1402
"D:/Game Project/Assembly/Content/Mesh/1bhk-wall-mesh/StaticMeshes/gate-Parking.ubulk" 1403
"D:/Game Project/Assembly/Content/Mesh/1bhk-wall-mesh/StaticMeshes/gate-Parking.uasset" 1404
"D:/Game Project/Assembly/Content/Mesh/1bhk-wall-mesh/StaticMeshes/gate-Parking.uexp" 1405
"../../../Engine/Plugins/Interchange/Assets/Content/gltf/MaterialInstances/MI_Default_Blend.uasset" 1406
"../../../Engine/Plugins/Interchange/Assets/Content/gltf/MaterialInstances/MI_Default_Blend.uexp" 1407
"D:/Game Project/Assembly/Content/Mesh/1bhk-wall-mesh/Materials/1bhk-wall-mesh_material_11.uasset" 1408
"D:/Game Project/Assembly/Content/Mesh/1bhk-wall-mesh/Materials/1bhk-wall-mesh_material_11.uexp" 1409
"D:/Game Project/Assembly/Content/Mesh/1bhk-wall-mesh/StaticMeshes/glass-Bedroom.ubulk" 1410
"D:/Game Project/Assembly/Content/Mesh/1bhk-wall-mesh/StaticMeshes/glass-Bedroom.uasset" 1411
"D:/Game Project/Assembly/Content/Mesh/1bhk-wall-mesh/StaticMeshes/glass-Bedroom.uexp" 1412
"D:/Game Project/Assembly/Content/Mesh/1bhk-wall-mesh/StaticMeshes/glass-Kitchen.ubulk" 1413
"D:/Game Project/Assembly/Content/Mesh/1bhk-wall-mesh/StaticMeshes/glass-Kitchen.uasset" 1414
"D:/Game Project/Assembly/Content/Mesh/1bhk-wall-mesh/StaticMeshes/glass-Kitchen.uexp" 1415
"D:/Game Project/Assembly/Content/Mesh/1bhk-wall-mesh/StaticMeshes/glass-Living.ubulk" 1416
"D:/Game Project/Assembly/Content/Mesh/1bhk-wall-mesh/StaticMeshes/glass-Living.uasset" 1417
"D:/Game Project/Assembly/Content/Mesh/1bhk-wall-mesh/StaticMeshes/glass-Living.uexp" 1418
"D:/Game Project/Assembly/Content/Mesh/1bhk-wall-mesh/Materials/1bhk-wall-mesh_material_1.uasset" 1419
"D:/Game Project/Assembly/Content/Mesh/1bhk-wall-mesh/Materials/1bhk-wall-mesh_material_1.uexp" 1420
"D:/Game Project/Assembly/Content/Mesh/1bhk-wall-mesh/StaticMeshes/interior-walls.ubulk" 1421
"D:/Game Project/Assembly/Content/Mesh/1bhk-wall-mesh/StaticMeshes/interior-walls.uasset" 1422
"D:/Game Project/Assembly/Content/Mesh/1bhk-wall-mesh/StaticMeshes/interior-walls.uexp" 1423
"D:/Game Project/Assembly/Content/Mesh/1bhk-wall-mesh/Materials/1bhk-wall-mesh_material_12.uasset" 1424
"D:/Game Project/Assembly/Content/Mesh/1bhk-wall-mesh/Materials/1bhk-wall-mesh_material_12.uexp" 1425
"D:/Game Project/Assembly/Content/Mesh/1bhk-wall-mesh/StaticMeshes/sill-Bedroom.ubulk" 1426
"D:/Game Project/Assembly/Content/Mesh/1bhk-wall-mesh/StaticMeshes/sill-Bedroom.uasset" 1427
"D:/Game Project/Assembly/Content/Mesh/1bhk-wall-mesh/StaticMeshes/sill-Bedroom.uexp" 1428
"D:/Game Project/Assembly/Content/Mesh/1bhk-wall-mesh/StaticMeshes/sill-Kitchen.ubulk" 1429
"D:/Game Project/Assembly/Content/Mesh/1bhk-wall-mesh/StaticMeshes/sill-Kitchen.uasset" 1430
"D:/Game Project/Assembly/Content/Mesh/1bhk-wall-mesh/StaticMeshes/sill-Kitchen.uexp" 1431
"D:/Game Project/Assembly/Content/Mesh/1bhk-wall-mesh/StaticMeshes/sill-Living.ubulk" 1432
"D:/Game Project/Assembly/Content/Mesh/1bhk-wall-mesh/StaticMeshes/sill-Living.uasset" 1433
"D:/Game Project/Assembly/Content/Mesh/1bhk-wall-mesh/StaticMeshes/sill-Living.uexp" 1434
"../../../Engine/Content/Functions/Engine_MaterialFunctions01/Shading/ConvertFromDiffSpec.uasset" 1435
"../../../Engine/Content/Functions/Engine_MaterialFunctions01/Shading/ConvertFromDiffSpec.uexp" 1436
"../../../Engine/Content/EditorMaterials/GridMaterial.uasset" 1437
"../../../Engine/Content/EditorMaterials/GridMaterial.uexp" 1438
"D:/Game Project/Assembly/Content/FloorPlan.uexp" 1439
"D:/Game Project/Assembly/Content/FloorPlan.umap" 1440
